id,elo,name,level
4fwvy-afage-2mp3g-5sx4j-ouhaq-5nfzy-vys3q-ivz2a-s3tsy-somst-2ae,1200.0,owgvebcm,0
r3zmi-attiu-nb5nr-xc2y5-flqom-rxrl6-lpoy6-6bnj7-aoppw-zccgv-iqe,1200.0,bbwtaorp,0
kzjci-a6d2v-glu3p-h6giy-mzeco-fvl7k-durzl-tsd7p-zqvak-myavi-kae,1200.0,wtmeyuct,0
klrpy-bd5m3-gcogw-kwuyt-zedw7-rysdn-nwmrh-w3mvq-vbmm4-jtaph-xae,1200.0,hduoepsj,0
m4i5y-bobpm-ou3o5-iv3ln-vfkmv-vkdwd-zha5q-mqvgj-qyizt-24iar-dae,1200.0,rnscfnet,0
i66mq-b7rij-zqcnm-xjn3a-bnewn-pmrap-em572-3uoj3-z3uz5-6l7uu-4qe,1200.0,pcmryuaa,0
i42aa-dhyot-gkqc7-a56in-yve3e-go35a-oi2l6-gqz42-65ryv-cioe2-rae,1200.0,ivhippvg,0
pjcea-ebuwa-e2hhf-ec7dd-k7rgw-o6ikl-xhsdh-xkpio-5dyk7-m4w5c-tae,1182.7083873166582,jyryfqqs,0
bsywi-edqvb-kky7b-v4ro7-mwkw2-ho2ue-zaqsj-otbdy-kzolo-c4cxg-tqe,1200.0,nmuskcsf,0
kg2gi-edj7f-oykrg-5ntnj-ulmef-tc3ho-a43qr-mjnrm-cogsh-l7ex6-vqe,1200.0,bcsaikrg,0
vtazy-ej2fn-zndyx-5sc2r-bqofu-qniod-tfron-qb626-4tw64-z2ok5-dqe,1200.0,nwmmfkrn,0
dbzyq-ejmoh-yokeb-xzkw3-d73ew-rl4kj-z652v-fukfg-zw6l6-vzd2u-mae,1184.3528000084657,rtvxryvs,0
utooi-eobv4-4qgmd-rxf72-xua7m-v3q76-34vs6-haagb-bu24k-c46mg-eqe,1200.0,xwhgfayu,0
b6wxy-e3km7-3hmr7-bsdc3-7zh3x-7nq74-6hv5h-virsh-3kzcw-24ohl-7ae,1200.0,vnoidsru,0
jfasy-fk5bq-lmck5-bitgp-mhldb-vrqzb-wimdv-e2sbi-auhc5-r7aua-dqe,1200.0,isfffyka,0
wsi4i-fx7am-cx5no-35wfl-45tob-qaars-jc44q-ogix6-q5xca-ii57j-7ae,1200.0,jlggdoiy,0
ppuoa-f355j-5nyuo-vimdj-4vg5z-2yfxc-o3dwg-ibako-4gfhu-5x7oe-pqe,1200.0,ismxlzyc,0
7q4ua-f7z3r-o2tzc-vwf4l-hwmva-5svqw-gq3g2-tvftp-xp2ql-i63vc-4ae,1185.0,ffvcgetv,0
xgfsq-gcmfn-swfvt-j65nv-k2kik-ltmkr-qi6ui-yykzd-cjpi7-rkicc-lqe,1200.0,taywveyu,0
p32di-gc36m-qa2og-fadmu-n25oz-hdlhw-l6oys-zycln-gi7zj-hhwep-2ae,1200.0,xcyyalpx,0
qtcry-gaycs-2w4jf-mir6a-ijr6r-xpbej-jt54a-3tfyx-si5cu-yv7t4-eae,1200.0,tbscgtlk,0
wzisa-gwmly-eaj6e-a3rqo-froox-2v2cx-hi3jo-xhpuq-enbi7-mvgsh-6ae,1200.0,znpbwxsq,0
oh4sy-hn3fh-coap6-duo3m-s7i7f-nqrws-mitwl-gtfje-6uw4w-dr45h-rqe,1200.0,tpcnlpdz,0
xpijy-hwhuc-i6hcf-blwo2-f6qvv-r3qrm-pzp3d-dxmic-hphie-bph2y-2ae,1200.0,enawrmlh,0
trimy-ihs4m-dc355-xiifx-awse2-3olg5-5irdw-hagcl-avqbw-6kv5z-xqe,1200.0,nvqmzykj,0
ujfvq-igjeh-qya3t-doqhv-dmhls-g2hf3-p62x6-mzjwy-iterx-ujwoz-fae,1200.0,gyypftbk,0
65eqy-ip5lu-v4zy5-qui5d-nby2a-azrxo-b4a4p-s7cdp-3wefl-xu66g-5qe,1200.0,obpxowow,0
ggp7q-i3u4d-y32ot-r3qzr-pjecs-jmqy3-skpcs-7j6yn-m2glj-5om63-oae,1200.0,ynnmwixr,0
irwga-i7fyq-rjopd-n22h6-y6erm-mqrq4-bu77v-d7ypn-tccxg-vr4tj-fae,1200.0,oedfbutu,0
mrjwq-jfzmy-uyp7s-dudak-ug5uc-wn4uu-vneea-7x63q-juhnv-efz6o-kae,1185.0,mfrglyjp,0
nvtoi-kf2b5-3b76p-mvwqk-4iibi-sjttm-ecy34-ypc27-7a7n4-jmrzw-lqe,1185.0,rnunkchj,0
vpxty-kh7sm-72nty-66c5l-i24ik-k4uk3-egp5d-a4xpr-6i2yl-sqeoq-qae,1200.0,twixthge,0
jpysa-kg6kg-4maif-hezb7-vecfx-xrju3-twbij-63f4b-v2imj-sfmtw-bqe,1200.0,vncbhwmx,0
juy4a-ko5xt-2wl2u-ssbik-dg547-jlzd2-lomog-dvs6e-lfvei-xiwu6-5qe,1200.0,zosxrdju,0
x43hq-lclza-sxcng-himnm-uhg62-wuhka-w4bkg-uorfm-ayccx-6v3lf-pqe,1200.0,xjpgvefx,0
shwuq-lpj4s-4csnl-vocu5-7jekt-6jlbk-icwyg-myp6l-egl6u-tmv3x-iae,1200.0,gfwwrlhw,0
e44la-ll32g-ohvcx-qkgbn-xdkbh-3nrik-gfs4g-u3jfr-oqukp-3fnkq-sae,1185.0,onluofeu,0
spykq-lzcwm-w5yce-73wyr-yguop-mflah-zytdu-3nj44-tr6wt-mcxdm-3qe,1200.0,fgzrcdrq,0
zibgi-l52xt-ewmst-ytmhh-dby35-shbue-dnrqj-lhqbe-23eiq-6f22x-zae,1200.0,tnwwnldh,0
q2eji-mztjp-romlw-4b4t6-f35hy-6a3qp-xy4cj-jhxsn-gbuev-ums7s-zae,1200.0,pzwxypob,0
x7waq-nnceu-gdxci-zjhhc-fv4nf-2akzk-3rsu3-w5unj-67oj5-lzhwy-nae,1200.0,iametqzx,0
7r2vq-nwjr5-mcude-rjs76-m5lps-jktxn-kypqn-afwiv-gnoza-hg424-kae,1200.0,zppngzxg,0
i6dra-ofxyb-x6w2u-er7cv-4ecsy-zkf3r-uzlpg-szm5s-m3c5o-2dhvr-cae,1200.0,vwzhvehy,0
kfz3y-ov3tz-ebmsj-wmce6-qariq-l3tw5-zvx7h-rmh4n-dh2kj-qk2j2-fqe,1185.0,ghpmraou,0
o24ai-ortnj-ehbkh-dp44x-mm3oc-ctreg-bhdja-ylval-xrmvr-cw2p5-wqe,1200.0,usvemukq,0
tqafq-ozzrj-xrbjw-ihmp3-55yxp-5qbxd-r2xeo-iafk6-oqsyb-hsxhy-eae,1200.0,nzqwfush,0
bs24q-ppcym-wieps-2k6g7-cuwer-4juze-3bbqt-giifc-lnolb-rnbhy-mae,1200.0,tamjjimx,0
m77gy-pvqgz-y6lqb-ktil3-57v26-vj54m-tyehh-ixohr-jjf7i-byejj-2ae,1200.0,ctfioceh,0
42ika-qgvsj-weohn-oober-y6ozw-hbmc3-u27nt-b5vuh-slkrm-clcsb-mae,1200.0,iqlckbkj,0
l3pbq-qb6v6-r2dnm-zzj47-hcyox-f2gcx-odjiy-nnbk6-bhwj7-xesgz-sae,1185.0,psdxsvka,0
udu2i-qpmth-clt4p-cql4d-y2hi6-fci2t-kadbj-5io6q-pt6ny-d6hye-kqe,1171.7207107724678,oxhoftso,0
jsija-rjwfb-tpid2-bv2bw-weq6v-azcxj-2cgrr-p3qok-v4zvl-25e2r-5qe,1200.0,mgpduhac,0
k6h6q-ridhl-y6tyd-fe27r-i3pir-ycit3-6mtag-jm3hn-qr5au-mdud7-zqe,1200.0,ddxgaiio,0
mvnoi-rkjki-27d3u-k7ots-saxfg-bcmw4-wu5ou-f6w7r-6olef-4p2mo-3ae,1184.3528000084657,alvspygp,0
pekaq-s2b4u-boguu-m6237-bsprn-obpu3-e7tdc-5ptst-vjn7s-crbkg-eae,1199.9720581625813,ngvxusgv,0
hrgdq-s5zup-rrnne-fq4fv-rrwcf-vitig-qtyd7-lp3mf-be3w2-53jcl-gae,1200.0,cxemyacr,0
hqbma-tflf5-6i2xz-jdhvy-czytd-2tofx-doclk-ktgqo-pbtor-evje7-gae,1200.0,khmxlcja,0
6c7ca-t7hxa-76xie-sz6p7-yueuk-g3fii-7dw75-xevb5-ps33r-2g7t5-kqe,1200.0,somoismn,0
5fazq-vq3jp-xthi4-np3aq-3giyv-2jg7i-ro7so-3egyu-p3rvs-ao6pg-vae,1200.0,ojpdtxsu,0
xklzy-vt4bt-qsqyy-fpx5t-iocfl-kulaz-d34gq-kyx2b-e6gtg-6kz6x-zae,1200.0,mgfgsjqq,0
iv6ui-v3gu5-prtfc-4jvq3-k7nfj-usasj-nwu76-74ykq-ezoa7-orrna-pqe,1200.0,iuxnqpmm,0
jmdci-xkpzz-ejdpe-rbgxs-zeep4-fslyg-howfk-xtars-wmw6p-3iqqz-5ae,1200.0,mexhfdsj,0
fn5ka-xuemr-4fjyx-gauq4-tlaqu-s4qq7-c3gfg-nbpbj-czd65-j56b4-4qe,1200.0,lztlpqek,0
qqrzq-zjjoq-ryb3g-gbuu7-7iu7z-5bebo-vcz7s-ulk4y-nnkq7-czx4f-pqe,1200.0,wtkahiwg,0
g2xha-2hcvt-viaam-oxngb-nfpo3-adhic-lti6g-lmcjp-vvdfs-76tkt-eqe,1200.0,movalpxn,0
k2kda-2frwa-fxwro-eopgz-ozq2u-aoktr-mzqoz-g6pie-rbfxj-qxhpo-sqe,1200.0,unniginv,0
lygha-2gfe4-oma6v-xqp4g-mzec6-qkip2-sgvin-nunot-2mci6-t44x2-qae,1200.0,mwwsqpno,0
4pkzi-2rvow-vwm3g-dtisx-tmo4k-il3fg-nv6cn-rf27p-5asg7-avovw-xqe,1184.3528000084657,tbnieqrx,0
vbuqy-3krlv-f4igm-c3rgp-yeppa-74eqa-h7jf5-xgsrj-3liar-agawv-mae,1200.0,kqrcmhvy,0
thnaq-3ienx-3mxuq-4vqld-c5oqk-i5gvu-ajb5y-n7pfx-7emoe-mhj4b-wqe,1200.0,zrfroqgm,0
lbony-4a5up-o7cb4-mvxkm-wbapy-7oynn-bb2yf-ytkn3-so5cl-d33zx-oqe,1200.0,ldslqbxq,0
gi4iy-5da2s-kp53w-rdjai-nsdtl-hpm64-epoaf-jynww-objyo-xj7bk-2ae,1200.0,qlzcogui,0
yqp5y-5cvpq-gigw6-fvk6z-4udkt-jmohf-ftd6x-e6zet-jbu2u-uycdw-nqe,1200.0,mbrmjhbn,0
lupny-5jq3q-2yvor-7wkon-w5x5i-fyew6-gjauh-4pbzp-itxjk-f454e-7qe,1200.0,qtukmanh,0
3wzka-6gnuq-fixyr-ur3j6-7bt4h-2mgb6-tovxl-7n7iy-6evi3-ns45o-mqe,1200.0,fmmwvheh,0
qrf7y-7hs6d-luigx-daysj-5xnjv-uovws-uzevv-cffj5-clnuz-3nclr-4qe,1200.0,nsomkgjr,0
qluda-7vefr-ckvoi-ehgwe-ruxz5-wabc7-eisgn-etv3x-dgrx5-qpyul-5qe,1200.0,zljjxttd,0
zke4q-77kil-jzan5-vrzat-utfpv-6qtli-uhopc-qcgv6-7dosv-352gu-jqe,1200.0,ornmwrps,0
m7ota-72mj4-qrzfy-nsaqi-o4gm7-kqdy3-7a4vp-5spbb-tyfnj-2ejvs-fae,1200.0,szjtsaqi,0
sgqsy-72ltb-xw4wa-dahkl-bkee4-iyfkm-gk2oo-wpipx-jobma-vlms4-pae,1200.0,ysllhmjq,0
3biub-aojxs-uke7p-bimfz-nisi2-yzkpn-kvgmo-v6dee-mvccn-djb32-mae,1200.0,nuuqgcye,0
c3plb-a7sso-hs3sf-e6ypf-a56rm-a252d-xvp3f-7cy7f-knxjg-4cs57-fae,1200.0,odrewiam,0
rpguz-bvxp6-xn5yx-76gvr-b63ut-pmwuo-r6uye-saqfa-6sbpw-t5rxk-vae,1200.0,wtqkwdcl,0
skchj-byy2n-epnb6-yb4vw-hbybd-ydkox-ffvtl-7jb5u-ugufe-f7zh4-jae,1200.0,malljbmi,0
6pj2j-ccuip-744eo-4odjh-rhyeb-i3ctv-xc3ru-vkkfa-fjubh-33olq-qae,1289.3384851454925,qojezqmw,0
7kyvj-cefww-ill6n-4uerc-kg5fo-sgjll-j55fz-dy2s7-6gxry-xe2px-yae,1200.0,fyjfbmfh,0
no23r-cjlff-3rcxv-iddmd-wicir-lo2gq-nqx4j-5hjkd-p737f-gkhqo-4ae,1200.0,hcqynjjo,0
jptdr-c2esi-efpt7-atq3s-4w3n5-xiq2u-3b3q7-nnod4-e63wv-e7abt-5qe,1200.0,woyzibml,0
7a67z-dh4i6-vitqq-sylvk-h6ky5-7zeee-jhnz4-qvgkd-x2g7c-ajtx7-lqe,1200.0,mocwycbc,0
srwbj-dvq4o-sso3a-bmtep-p2krh-kwqa4-kbfj7-lcntl-sp2tn-t42lb-hae,1200.0,pkmnkumt,0
b5jcj-duhus-ojrqu-sbyln-6rjsa-z7bar-r62ft-qisjo-5zibk-bxza4-vqe,1184.3528000084657,jvkumqbo,0
u5clb-edy3l-xi7wd-6l2jq-xk5bp-2t4eh-3hut6-r5svq-6qqoc-d4npk-mae,1215.5041806322479,pfirwnwo,0
luxhr-ebhsz-oe4pv-wd7ve-vwu44-oek27-vt37j-n2xhi-hhlh4-q5p3x-yae,1200.0,qoavrctf,0
cjn7b-ejijk-qsk56-mlzeu-tlucz-vz7jg-hv3qb-ifr2r-w6jqk-qpkh7-wqe,1200.0,udbyycgd,0
7gcjr-fcpqv-stsjk-ck4fq-ctvjd-yrdz7-uwbxx-b7sdc-a3ssm-trxxj-iae,1200.0,puaiwltz,0
hurnr-fnxvh-omtei-ce2nc-giajm-v4qpu-wlm6e-q5k3b-af3xd-55eac-iqe,1200.0,cdaurfef,0
rwy3b-f6qnx-tehkn-7cxvd-6yhpt-h5fyk-6f4q3-xaysn-63xsm-225a2-qqe,1200.0,etaunglo,0
kkyez-f5u2e-ijogi-zag5x-ewfy6-cxfm7-tju62-e47an-adnzw-b47et-wae,1200.0,fuequscq,0
mknlr-hi3j7-m6pko-2jwed-o3gzd-kgocn-72zbq-46mv5-pewlh-tio5l-dqe,1200.0,yolabrwy,0
uaz3r-hkf4b-64nxt-eno5e-w2jdo-nefch-pc5fq-y5rnb-jmzi6-x6ulr-bae,1200.0,dhrrkqod,0
ckhxz-h7z4y-kof5v-irnsr-xrgo6-cjra7-skwrm-nrk6d-sgwyo-vmftq-rae,1200.0,nndgdeoa,0
ku3dr-hywrs-2pdxt-u3i4v-tzwub-jzuk3-3xol2-pbbke-4ipyv-xin2f-xqe,1200.0,kijfixgq,0
4h7zj-iffak-6zwtc-bgmvy-ylp76-o6hue-ongxa-qbs24-wv3tk-i327j-qqe,1200.0,gfnqxkpy,0
zwkpb-iamjm-jpjgq-w3kq6-eexko-sosxk-jy54x-dwxr5-tmrf6-y3umu-rqe,1200.0,nzaxomvl,0
abarb-ibmqi-3cyws-k73wr-o4dcf-l7mn7-o4lri-fj7j3-4jrhc-xw4uz-lae,1200.0,fzygunqd,0
3qhoj-iqhih-5mrhx-hieu4-qvaec-zjgc3-fgyis-6mkxb-qg47k-j3mr5-bae,1200.0,rcsoeblq,0
gtbnr-i3cf3-phbvp-jxnxs-u2vgv-wny4j-xbm33-oalnn-a6chb-wer2p-aqe,1184.3528000084657,uoluaxoo,0
y5ver-jfe44-mj2ni-khzel-wvvqs-6sziy-bmkzz-b7r2o-tvwxv-l4yim-dqe,1184.3528000084657,nnonsdaf,0
v62nj-jm5iy-7u2ms-ufvbm-3yxuj-nvash-ooily-azilg-mhgry-al4fg-oae,1185.0,ggyfrpby,0
uvbar-jl4kj-ahzin-rt7fy-vss76-w6wxx-edkbd-xugyb-cafsa-rr6sr-mqe,1200.0,wbuamaay,0
b4wxj-ki2go-pfpwl-sgnmc-gcp7m-vbbfl-remhy-cufrs-f5nex-zchts-mqe,1200.0,qojaalmd,0
nwraj-knbjc-ip7ys-fz2w3-hvfty-ttctk-iasej-7izqr-rb6jy-xkn6p-fae,1200.0,xlzcrvko,0
taslj-lg5kh-r7pbh-qumui-ijwme-rlwme-qtz7p-xqhfb-bx6gy-pk75e-2ae,1200.0,nhbmbzgs,0
xgukz-lyqa2-uaq4b-bhkvz-5e3fs-3bx6o-af2py-fim3c-djc44-yhhzc-4ae,1201.7748699048395,qxdnkshj,0
j35vb-lynmw-ogzpy-shlv2-m3arg-slruy-tdiuq-f55uw-g6dtb-5bfty-fqe,1200.0,uscioppa,0
aywnz-my4fm-fjrm6-h4ezl-txrbv-m6uvy-rkv6d-vm5n5-kztej-shqm3-pqe,1200.0,rxlyqrci,0
wl6nb-m2gqj-orpkk-ryani-l2yux-upecj-iwyku-wd3l2-qt63k-hh2r2-xqe,1200.0,vqicbvse,0
5gjqj-ncid5-fkuaj-jazud-gn2ul-a2hnb-muvs7-ekzeg-2jr73-lmhp6-mae,1200.0,hnaveaed,0
7c5xr-ni5hz-64na4-elu4m-j44wa-n6xpx-gjgnv-gt4vu-2phhe-c4uvx-jae,1184.3528000084657,gwkxjels,0
32bwb-omalt-pkrm6-jr7be-5pg5j-3oqin-bojgf-jphnc-fqgsz-bttci-2ae,1200.0,tziwhpvz,0
il3tb-oiprz-njrrz-rmelk-fiev3-h6l7c-r3kxf-7hnxt-7d5j7-mp77e-7qe,1185.0,jnhtkysv,0
vdhsb-omuiy-d42va-vhf5z-3qx57-fxnnu-pfpqv-ibs5b-iuvk3-4to2o-qae,1184.3528000084657,spkdwhip,0
g43kr-oj5x2-q2obc-vurn4-bedjl-ovyvw-ls6bv-242od-g57lc-5hkpq-zae,1200.0,crndjirs,0
zzdfb-pk6ul-pug3n-r4isb-v3dmn-7ruwd-qoqog-etyfx-clsrp-cj7yh-sae,1200.0,vkxvvvru,0
2uuuj-pv22x-x7wpt-bfpbv-rbjam-dljad-erpqh-bs5yv-nm67i-nef2k-wqe,1200.0,qeiibbfx,0
d5y6z-px52c-2yaoi-b67kp-227dq-hh43l-vip7w-cupgk-3ksar-wigyw-iqe,1200.0,ckijykrd,0
j4wgb-p3ppx-dwn3w-5wnuy-urisn-hwbjk-ofxcq-ujrfe-w4bsd-gip7z-qqe,1200.0,hncbharq,0
c6vrz-qtnu7-vd7eq-bqgus-hebzy-cdo4k-au6w5-rg7nn-kkoiz-zs6fk-lqe,1200.0,jtnwsljv,0
wtfuz-rjzat-dbvhv-uarib-6gkss-4oym5-6lng3-ra57u-hj5dc-xhprj-hae,1200.0,ewkzpgdo,0
7fjjj-sclzs-2rwby-nmo75-vdnz7-vxydh-226pz-45nch-jr4kl-b2dfh-eae,1200.0,qiyastny,0
5v4zr-s7aav-3qqpp-m4b4z-iyci5-zsj2y-pwqhd-i6vmi-ktw3m-v5ju2-vqe,1200.0,mwwhhaal,0
w5yvr-tvma4-5f5i3-vdrq5-b7gnc-pqh37-jlwvc-6dhxi-23jgq-anke4-wae,1185.0,iytzrrzx,0
j3hij-ufood-qutza-hnoyq-svvq5-2v5ho-tly2k-xhpa3-czprp-tqs74-iae,1200.0,pwpywtxw,0
7asbb-uetpj-qgmaf-ywgmd-3kpvp-wflhu-urqri-ubylj-zugla-v5pne-oqe,1185.0,xyjbnijc,0
zct3z-ubkii-gdkmt-aqclc-jkuau-ogtdn-br27g-esj76-6lgr3-tyhsc-wqe,1200.0,lpjwponc,0
3b7ob-ultly-kjawl-5dhs5-66shv-z3dcz-4b3sp-c2bi7-zmqzb-2hk3r-bqe,1200.0,xlujocjn,0
bbr6z-uor2t-gicsj-ux5rg-6hn7c-6yqei-xjbs6-snavr-5kf6i-47zcd-rae,1200.0,xyttupfs,0
qn2mr-ukmgk-wshvt-5mdih-mqpa6-7einl-3d5he-em3ac-iakqi-o2rtd-zae,1200.0,yjhewium,0
loz4b-vay63-k3n67-ixep4-xh2q2-i4w3k-7763k-vne5i-yqwkm-swhxx-vqe,1200.0,cpgnvcqs,0
q67sz-vpbat-uafqh-co3md-zwc4i-zorc5-5ms4m-jhle3-n6kp4-kty77-rae,1200.0,lcaaiqvo,0
57npz-vqvkq-wftet-ztrvk-ung4p-36txn-7krdo-rjjgs-hyzxo-akrzz-uqe,1200.0,kdcvgcih,0
ea4mz-vss65-mzjv4-2zep3-trohe-y3cki-6k7fp-gqxfh-pv7lw-qkfph-aae,1185.0,rfdebnwe,0
nimcj-v7z2o-2i2p3-teg5j-ktk4z-a27u4-ipwvu-ozkbn-blwbr-7zlsf-hqe,1200.0,rjwxsrhp,0
dtazb-v6x36-6ggoz-oua2v-bzmxw-u6nul-bkxpy-ybne5-jwvpf-pxqyy-4qe,1200.0,juqpnxlo,0
nt3az-wrd7c-frzka-qnya3-fkzwt-cavo4-zl52h-jldyx-nwykg-f75me-rqe,1185.0,uwqwflik,0
6lbor-xplep-b4q64-z6hgj-ft72w-znjdn-k6lxk-m7aj3-inzu7-fxlum-nae,1200.0,vmdktjoa,0
ugvzj-x7o2m-7rgju-kqioh-ywmlz-i4ozu-lpn7h-6ezeo-565gz-3tggb-7ae,1200.0,bvqownbr,0
a4hnj-ygery-rp6ia-jrm2h-s3kq2-kwi67-e6byv-yyx2e-vvwps-7gieg-6ae,1184.3528000084657,cuwkntyf,0
x7jfz-ygkq7-t7q5d-nxdeu-lw6ou-shtom-ukhuy-u6ll5-6sccq-kbs52-dqe,1200.0,gbslpmze,0
jcadj-ynlhz-stovg-w4562-acutq-3z7bd-zzrr2-wxksm-cfhpl-i57z7-iqe,1185.0,jqhfzfya,0
dctfb-ze2gp-flblw-2egeo-urxwk-qbhs4-k5zvb-dwdh2-f3baq-2ddro-4qe,1200.0,ioshjegc,0
n4xfr-z3i2h-oh3qy-eunai-fc3ib-ji4ye-nl43u-ktiy7-ktg4m-ckhi5-2ae,1200.0,cezkyxnw,0
x24er-2hy73-dwir4-5qetq-2q7gd-t7mzk-sxjug-tlyku-eu7lr-smvve-bqe,1200.0,gwivwokc,0
dsx2r-2mxoj-oumhu-rvpmf-ecuuk-fwiat-bsjvx-zhdgb-njsua-dfhs4-4qe,1200.0,eygedizj,0
hsfdr-2wib5-x7ky2-rc2vv-gbqas-sirxk-eanjd-7n4fh-ujuhx-vnh5l-7ae,1200.0,pqsjjvqs,0
pwb6r-2wrvx-rol3f-pyx6r-ntk5q-auw5q-kgbnc-oatxu-xmip6-op7de-fae,1200.0,kvpzrqql,0
4oapr-3f3bc-mimrg-ok6w7-2b2q6-svggm-vtwhp-kv2va-ixvlx-fr46j-kqe,1185.0,mmnouyhy,0
5nwjb-5j235-ul372-4qlrg-dvrzj-y5cyo-3mwew-obs74-bwp3f-yt6w6-uae,1200.0,jbnyfacb,0
ui4tr-5uaoe-aquke-pmkkd-wydwl-k2h5q-glbu2-hdm3g-4ib47-57vte-fqe,1184.3528000084657,wodjmsob,0
pllwr-5qvap-agdrx-hxw42-fihy3-7mzbt-wr4r2-ya6uc-rtqqz-v2ibo-eqe,1200.0,zuznfegw,0
ewcbz-6hfvd-lfkqm-34rqn-uewhr-am233-tcmrc-fpuvx-z42br-ccivf-lqe,1200.0,pjvuejrg,0
evouz-6wuxv-ql7km-ef6h7-lxew4-s7yzc-f2zby-toqmm-i4jl5-ibm3o-vqe,1200.0266836715462,ekgsobzj,0
4nzpr-64qzq-n7ene-tgp5n-4q33j-cd2fi-5z2dt-iwwul-4722c-nli2q-2ae,1200.0,clgytrdo,0
q74mb-7crfo-emv4a-tay74-44xvv-6hsxs-ndfag-qms3u-pva5r-zuj2l-rqe,1200.0,kolkidqy,0
w7x7z-7cusx-7tjb5-x766m-wgzgb-ayv7x-l2gs5-s3ctx-aec3y-cu64p-sqe,1200.0,iwmafsuf,0
s3l4r-7ggek-6xzrg-me6so-lm7wf-cxxo4-k2c4x-rdisc-alkep-5drbf-iqe,1200.0,xepgohcj,0
2b2gj-7mqsr-zn4ts-36dja-lq7pf-uu33m-36r7h-j3pew-eyfcz-3v2ur-6qe,1200.0,euprfbhr,0
z4tvr-7v7vg-q3gew-ii764-dpqot-ecw35-77x47-s3ujn-lv3gw-d6fbx-sqe,1200.0,zneejuxa,0
rhbas-bmdlk-hy7oo-hszh5-nosfg-rppoo-j5g4m-zilfo-wvdyb-4jsrh-oqe,1200.0,tyrxcsnc,0
7qnr2-bukl2-h74jm-7hb4x-4sst3-5l4nm-zs5fm-brvjz-anhux-m7sew-zae,1200.0,bmmarxbq,0
po2o2-bwrzr-znkvs-mhbjy-f6scd-p6ydd-domaz-5un2e-uhpcy-e6kzb-zqe,1200.0,seovxfct,0
oh7pk-cofap-3bwbd-op74g-wnout-e6vra-ctoy5-rhvfz-4kjrq-o3aa2-hae,1185.0,opirppjr,0
msx2c-cvypq-xynhb-fohel-4kpwb-so6ms-tu5va-u3qtg-xorzu-m5hc2-rqe,1185.0,edqjvavc,0
yhip2-c24w6-li2vd-imrej-5q2sq-7cbcv-w6xfn-fexsg-5cgbj-fggsy-fae,1200.0,qxanqyhh,0
b4e62-dad6c-5tc5x-zzvk3-lu2tk-ambsr-4wjl3-qwcft-x4j4a-iuoxs-uqe,1200.0,hmdfwcpd,0
yl7qk-dngcq-thyiv-cqmut-3jrrp-og3da-t7kva-quhuq-vuaot-ym5ve-mqe,1185.0,sgicysmm,0
ejxms-dpdhu-43zcn-jmo2l-6dowc-3r6lv-hfm2z-ppf4h-p7qed-kryu5-yqe,1200.0,ryjafmgt,0
26rdk-d3rev-yrgct-ug4qg-svuip-tzg33-yf5k3-mz5pa-2axsb-aor45-3ae,1200.0,lbonkioe,0
pse4c-eef43-snwwc-hotfg-owuwo-goeol-2f2mt-b3wwk-5o7mq-co2gh-wqe,1200.0,bfzptrvc,0
5bwrc-e6nht-zot7h-sw6u7-tq65k-3z5ym-fpyfe-ibfyq-rczqp-lgfuw-dqe,1200.0,snvnqrtt,0
662vc-e3x4q-367tx-ninrt-wmavk-btuvl-tvojd-dz7ae-nuwx7-wlcco-7ae,1200.0,pvlqbytd,0
ee2yk-fcvz2-d6icj-n2v6p-kagbq-35lk4-5vj7t-q7f33-iwvn6-bf3ap-iqe,1200.0,kapdglkc,0
l7x7k-fnmr4-xcym6-rlyyg-fegs3-7p22s-nwunh-yu62b-2pzsi-hczmk-zae,1200.0,rfkggvvt,0
pikpk-fpapd-yp7nw-3mgdr-dgsga-wgrer-o4fmc-rrp75-l5744-6rquo-5ae,1185.0,xdinonbg,0
bcpok-fssld-gw7ob-zv3io-kj2xf-dzjdu-qd34i-3fztb-2kppg-qpp26-eae,1200.0,yklfkpfs,0
25sck-fsq3s-xhqft-t6urp-ak72l-wkxcu-v3ovt-y6avb-7qbl7-ll5qh-pae,1200.0,zjabpgsi,0
tm3v2-f2pl5-uetsv-ajttu-ny4w4-5p2pf-rk6ic-ywgmr-bjgaa-n6zsb-iae,1200.0,zitblusb,0
ajb42-gao7k-tms6u-iebuv-773uy-a5kqp-7vu3i-7mhit-mkk3h-zoysw-2qe,1200.0,ejmifhso,0
lxt2s-gf4m5-l6kk5-46h26-k6f5d-fjvoi-hydr2-5grlr-abpwz-klake-tqe,1200.0,icajriuy,0
3ue5s-glbv3-ewxfa-sr3p7-uiyf6-ymkau-hgriu-5lbms-uwh7t-xsx7n-5ae,1184.3528000084657,erjzwwxg,0
4emzk-gqr67-onc2k-zsep7-2xnao-aqcis-imjo4-5gntz-6vcen-3agdd-lqe,1200.0,weobkmmo,0
gcpd2-gxyrk-i4kqs-c2btz-e7hbw-zfnlq-czj6h-tagj3-6kj2y-v3vyi-xae,1200.0,irakunbe,0
hgfhc-hfleb-taajr-nmzyb-s6bcm-bqqss-lvr6l-h4tbk-iofbg-mcdmp-4ae,1200.0,qagvkkqb,0
2zffs-hprqn-6wiv5-mhj54-jw7gp-7mr5i-j7w6v-s2uhz-qin37-lyw2w-cae,1185.0,pdjbugmv,0
mq642-hkrgn-iqj7b-hn4da-i7ysj-zkfw7-nl4cn-gvmqa-d5tsr-zwgxj-3ae,1200.0,yfcafnzv,0
lhh2c-h6by4-qgeac-5il52-crdh3-yyggn-vfxmg-cim3a-baeo4-dtlys-6qe,1200.0,erglmyku,0
7obq2-iohtx-orrsq-7o4ge-afbnb-nmy4a-hpzuk-tlgmg-xmzhj-wqh7l-7ae,1200.0,mfoposfo,0
33ai2-ionqb-drv4j-l42u7-l7y2d-5dt3j-ovfbd-e7edo-l3lvc-whoo4-pae,1200.0,snviavme,0
rva2s-ixotd-46hs2-ox3k6-y65xb-inlws-otie7-nemtg-szwxo-d2wlr-wae,1200.0,wrxuzihm,0
by3oc-jbtti-6yzou-lpq3h-qenn5-odayb-4zdda-i2fcu-3ldbo-twe6r-lae,1184.3528000084657,mugofrcj,0
b53ls-jsros-7wv5n-27wjo-kqglc-puev2-2na3c-hqadp-ybcor-oke6l-3qe,1200.0,trrpmans,0
6edb2-k3pdx-ehq5t-x3edr-q5fms-qv6km-5rydv-kdxq3-ehioc-qqopi-aae,1200.0,fdmjbxfo,0
rki3k-lfs7e-gsm73-htzhi-3g6c2-wrqwd-gljm2-pxtgo-bfxvs-u3aqz-rae,1200.0,vrvfaftz,0
22sds-lsoaz-nb3ik-tjnkf-7ggfd-hl5gk-sihbc-adkvt-v2x4q-q3gtm-xqe,1200.0,cufavvtt,0
ve3jk-lt34k-5rttx-jt2vp-w6hjo-dq3kg-2ispy-gqgyv-uh77a-balrt-3ae,1200.0,yhmppjqj,0
tivqs-mjiqt-qun7k-tzccf-noqti-4ofiw-ajdta-wyjor-blho2-uyrtg-rae,1200.0,eddguklf,0
xxqoc-mrjbz-h7vk7-s4kvl-xst3l-sar3f-ocusq-btn2e-qxnej-zl6d6-sae,1200.0,hbgsntke,0
yfsrc-mvilk-2kc7d-trogh-cypsh-c2lca-xujla-peya7-dxqp4-rz4cb-gqe,1200.0,nnobscyt,0
sc4bs-mz3ew-5zrmj-qpzg6-hrbjm-z7hou-wdcnc-eqtwn-kso3t-ecroh-jae,1200.0,rxxbkllr,0
5uiy2-m5rdf-7rja3-b4wda-slrid-icgvp-c3mwh-yddzx-t76mp-pzoav-dae,1184.3528000084657,fwcukyfp,0
e4gj2-ng3ah-rryeb-a5ai7-cnup5-n6rgx-ussox-loesr-mqqkj-5styx-5qe,1200.0,xyogxydk,0
vlluc-npx4u-fliri-4bov7-7hzmk-hpykr-bggli-zlejd-w77cn-ccnbj-6qe,1200.0,vnjnajzu,0
xmoz2-nkasl-nz2qu-j65n2-3hxxj-ysga5-dzmys-eoyi2-oecae-ecmve-oqe,1200.0,nvituhfu,0
yvt5s-nyzfv-roj6c-n26lx-oo2z4-p7tbo-q4g5y-aq4cy-pubiu-kbsfa-wqe,1200.0,aevdxbrg,0
kvvxk-ord6o-nvmvj-4otkd-di2cr-7zroi-o4ydt-cysck-4mkyv-yzcqi-vae,1200.0,bswgzozy,0
mjvvc-o5gco-q6smn-ohyos-sk6kg-olfdl-ucooc-yfh4k-bogrh-jlt6w-mae,1200.0,obwlpfdg,0
3sqxs-oyr7d-dhfs4-ymig4-4kbek-cj2r4-wvv7k-n7rel-3b5f3-pyjkd-aae,1200.0,xwlbmcwe,0
m7cms-o4xg4-tabrw-fsokp-qldgn-2763c-af2ah-gh4oc-5sld4-gsyyi-sqe,1200.0,twqsdndj,0
lo4ak-pk4qu-ukizx-e3dn2-qfzzl-4b2ji-regls-esawf-baiq7-5xtiv-fqe,1200.0,oepxwfjw,0
nblo2-pxqv5-neowa-j5ltt-3qayh-sl6ds-5eftc-2hpqw-ytkeb-xbkzj-tqe,1200.0,ioytrtvv,0
rpcx2-p7qbl-horug-gzcr3-wpfg4-ohrw3-wpuxq-ure4z-jlosn-lm6nf-lae,1200.0,yktmnpfu,0
o6gd2-qnoe4-zpdec-yo3bz-m3lre-66zr6-w6nuw-y3mge-dbtep-wbvao-sae,1200.0,ocahvqfg,0
cuzas-qkjo3-nwhef-6ydr2-ir6a4-n3xcy-mf7vs-hzxel-i6lvr-lsihz-hae,1200.0,sqrpxhqr,0
uleek-qw675-y5ib7-v7twi-ljvxo-62jnr-khk7s-cx4kt-e2vqe-gygvk-kae,1200.0,hjdfwfkq,0
jvmxk-q2ypl-xfeoq-wktgi-xde7p-qoiyn-xuter-u4igk-w2jd3-dpdht-dqe,1200.0,jbgkpdwb,0
3mk3s-ro65m-jedzy-cbjj4-mxshv-jcpmv-c3pag-dtgpm-bjazf-36hir-4qe,1200.0,gmdqsxvu,0
7sjpc-sdwqo-jigku-gpeoj-hgm2x-j3qor-jhtsn-kkskj-jlgdo-snu3n-pqe,1200.0,kowzbuny,0
nvq72-svhax-54arn-pid6z-luatu-qla6y-36vxq-swqrv-rcne7-oeksz-qae,1200.0,pyazptaq,0
4jhbk-te7kw-t4ruj-4xqnl-354v5-zqtog-o7ivx-cs6r7-d6oo5-fvtto-oqe,1200.0,cudlvvuu,0
qpckc-tho2z-zowik-62bkb-yu3hg-75qci-mukw5-3s5lf-bibsq-3pr72-hae,1200.0,ovzbampq,0
jl54k-txunx-ia44l-65xem-qgvhc-xlzpq-a254n-7nae4-tzitk-avvzm-uqe,1200.0,lxjhihpl,0
gtvds-twn7z-erzrj-zywni-fhbcc-kfmze-i77m2-j2hvz-n57mw-5skki-eae,1200.0,pbfvmmky,0
sbzr2-t6liu-62mtf-3ed7s-nivzb-mry6a-7e5qg-s6ehl-udm6r-kfsfq-cae,1200.0,durjplwf,0
ibu2s-t6e2h-v4xc7-4ukom-ayk2j-avg3a-euurc-wznyo-adkg4-ixpqb-dae,1200.0,qlklmelm,0
tq2fk-tzh4c-455zy-lb6mj-xchoy-lzrlv-aogup-h5mli-nnzdq-5vuww-6ae,1184.3528000084657,aoglaven,0
umkvc-uearu-w535i-m5mwm-dofho-gqexe-hejkx-55eky-462sy-izaey-cqe,1200.0,cbgtkqtf,0
soaps-uqt63-o54hq-ypbxv-gm7s4-hnsov-gyyk4-2hqyy-6zubv-sxq3b-3ae,1200.0,pyusybqy,0
b7fws-vcnmw-wq3ni-u4j22-46gfr-cntns-cshle-jhfho-cpiv6-56ikj-dae,1200.0,mhvrvzgi,0
ggjtk-vpnda-b4z7n-llmay-ojmqv-ch5vv-acggp-cx4yr-ukmoj-x345u-rae,1200.0,tumuxvsz,0
eentc-vwzl2-sivmr-47qlv-ijjbu-eer4c-6f5z2-p4rky-2w6wc-enuax-qqe,1200.0,ngkpsvwe,0
g75gc-wolps-4ykzz-nj2r4-jja53-qxrbm-dd3dm-q7ioy-v2l7q-xjo2a-zae,1200.0,njrurodb,0
w5b42-wz5cv-wxaib-oxu24-hmf3p-jssne-xxost-kvgyq-huqxi-yct4m-mqe,1200.0,blspaodo,0
vimnk-xdthp-ddkoa-obllz-3h3jc-dnz5w-yfdlm-psjfp-bih74-xx6b3-dqe,1200.0,ebejdlsv,0
n2b2s-xszj5-a7r2p-msn4c-mbrlv-35bef-3et3e-vs7cs-2ulhq-nwzqg-aae,1200.0,bipshswn,0
zxlkc-xsrr3-ukdvp-x56ia-re4cf-yukyu-lvhm6-a54vv-seiys-uji2v-5ae,1200.0,oxkdaisl,0
43cts-xybdt-clcjj-7f5nh-dev53-skhg3-5vvbw-4uujq-iitu6-byz7g-kae,1200.0,hjkuyxtf,0
fsilc-y4mmd-upxgq-qk6s6-pcexy-llxhb-z5qdu-d6tg7-ckrmg-gwybx-mae,1185.0,oswsgzix,0
qoxhk-zw5yn-cfzii-odohq-pjmys-td3bv-e4rnx-ehath-oaczg-wps3e-mae,1200.0,vciqtgyy,0
gwuq2-zrbd5-jh3or-6hrqj-gmazk-mvnss-nhvcq-vpxjx-4dhkz-7wf5w-2ae,1200.0,omrzuavr,0
uwz5s-zzcf5-2tyoh-hwl4x-5yc2j-buskj-he3fr-u2htw-hfpzn-qn4se-mae,1200.0,bdejttui,0
67wfs-2gcvn-yyamp-qurdy-tph55-kpz7o-fnm2g-yzksq-a7zyc-x6cqm-3qe,1200.0,vhwcnvua,0
7t6uk-25qfz-qlk2a-quo4b-4zmrm-rlxl7-k7qen-zg7zf-wzwxr-xzt6y-wqe,1200.0,qazougdd,0
4onfk-3r4uj-57hve-2bxcy-gt357-dq76v-gqyww-efm34-zckmr-txwk6-uae,1200.0,ozsdafom,0
nr7bk-3upug-75ekz-uu25l-ihfhb-ihb7h-pbnj6-jqwta-iqeu5-pxkmf-qqe,1200.0,xhsmmowf,0
noc4s-4b5h3-vd2m5-zlxnb-ikx5b-stt4t-qdzze-exu3k-snhtu-ekklp-bqe,1200.0,dsicxkfm,0
u3h4c-4ozxl-yqaur-vmefg-c3nwq-4jbsi-rizmr-z2us2-gecyf-mv6ry-lae,1200.0,iwwcbwnu,0
5vdfs-43quj-nzjfp-qjfea-hz5hu-4yjru-24bsu-hihc3-u3qpb-sommf-7qe,1200.0,ekcztitf,0
jwem2-4636e-g7ww4-uaqby-ixblf-2q7s3-lgzwu-yuu4y-tczcy-ikras-qqe,1200.0,wodoyatm,0
pddwk-5toij-fw5bf-5idwg-7lsu4-wpw2y-ktx5e-ckd62-hutae-qvftv-oae,1200.0,xnacitld,0
xvz4k-6ak3r-zzx2p-3qq55-ts57s-4jds5-h6zc3-hnpxc-m4tgr-fofyd-4ae,1200.0,ciqklaez,0
eaeds-7jlyt-mo3sv-5gvqi-2rm2e-toune-5fhi2-qf23c-z2rhr-pt3rr-jqe,1200.0,hukchysv,0
ueptk-73ush-wofky-7pjdj-hlkyl-qygmf-w4ikg-273ej-tjs3p-cychc-xae,1200.0,zlugauay,0
ef54k-74ouf-qv25j-dpqxe-qp3ix-nk2yd-lf7jl-yqixx-ixdhy-js7pj-fae,1200.0,hundrclt,0
od3ml-akmhj-3wam4-3n76t-5e76z-cocd5-eeiss-gpr2o-ckrxc-uqgxg-eae,1200.0,orijrvlt,0
i4v63-alqc5-7oan6-csjvq-jpax7-bwmo3-5ce4x-42724-npkse-ynulr-cae,1200.0,qwietpft,0
5dfcl-bee2c-a6okc-7kiq5-6ih7z-fzuu5-gu7da-qobkd-6jpqz-jw436-2qe,1200.0,jzkrhvyb,0
hrypt-bt3pz-ixnzr-ui4za-hom23-7tipn-7loiv-eflao-4uof2-r2mkf-gqe,1185.0,sntyfbcr,0
bcqkd-bzysh-ldbfd-bwm5e-v3kpa-kcrzi-ra67d-7lc6d-mmxt7-w3ihw-vqe,1200.0,dqtryomo,0
yw5e3-cjkjh-at3k7-za3oc-hsarl-dhm5q-yql7h-5icjx-gg2mh-gi4hx-eae,1200.0,hkkggomg,0
yolht-dccpx-4tcez-fom3l-jqtkg-4hqym-qgfch-7bwga-u4pd4-wft2h-iae,1200.0,xjepqsac,0
rcbz3-dh37g-uwqjn-y4zct-2u4it-f4vyd-dh76t-e2ixm-ajc25-omxor-eqe,1200.0,uqrdupzg,0
3kbrt-dq24r-byj66-kzv2j-lrlc6-zm3ke-c33sa-awn5v-sgow5-jf32m-tqe,1200.0,sldtuktf,0
56yrl-ep2zi-24rji-dns2r-3ygs4-jdh7u-fs43q-4ssjz-hjmgl-iow6o-hqe,1200.0,elcconkb,0
qvjv3-exph6-gyhwy-ldsjj-xl5tc-sr2gk-yh7l3-ax7yz-ee3af-a7un4-jqe,1200.0,ckzthkeq,0
twtkd-flnna-6xznm-ie5vd-tjpfw-v4qbj-zd2ut-ihuih-czpxz-xyktg-cae,1185.0,kzsdutcs,0
aqgbd-fteqn-xnvx2-njfc7-yh4fo-4vrwg-sby5a-e6ltq-662eo-3xsfn-eqe,1200.0,ebixntzj,0
cr3jt-gds2i-bshul-acn3y-r5uvh-ds4iq-xfr3f-ilg6b-fdofg-ftzz3-wae,1200.0,uirbkult,0
sdpdl-ggsqe-z3pox-e5jyy-mfly3-l7dwm-xqkpd-72qvz-fqdyr-zuakc-pae,1185.0,hvnczsah,0
ha2kt-gvkfp-476vn-zdea6-onswj-znhbw-y5dg2-skzpk-x7ocu-so7id-oqe,1200.0,ughvmrzl,0
vcr4d-gyhgc-e6xir-pm46l-xa2pn-5j3qa-46iqq-mxe3e-co7ut-pgw5s-5ae,1200.0,zcqdbixy,0
j7ge3-ivy7n-3c5km-ezx7g-ln2cu-csh2j-b6jwi-pyz63-kxzfc-hu46w-7ae,1200.0,dirhwhrh,0
fdd43-iyyow-5vza2-epkzg-fume4-um7ud-ovojg-rp3zh-kgrbj-jtihk-qqe,1200.0,ymfuxpqn,0
vmbjd-i7oe6-w4ofb-x5ga7-owuxe-bsfxt-xhuv5-tlvqw-upovy-eotab-4qe,1200.0,hklcqfzb,0
erhwl-jhejl-rdkh5-2vl57-4oex5-2uzyn-bdqg7-way4x-3xwzj-zl3i4-cqe,1184.3528000084657,idrsuimn,0
w26n3-jlxjs-gul24-kmwtq-4frth-zekv3-dn2y4-hidoo-rsboy-q2uwu-6ae,1200.0,mlduaceh,0
oge63-jp67a-n5uvp-azp3m-aykgy-ihrpl-bvxrx-ovwfe-nfbn3-xlkim-kqe,1200.0,nrlhpbmh,0
y5kt3-jyabc-lrr74-hhsdj-6d4ri-ay5qv-phjhn-4sck3-x5dnn-o7t2y-sqe,1200.0,nfdndsfi,0
5gzel-ke6ya-nrusy-sgzju-gc3e7-kvb42-ek5ks-3otom-7fx2r-7dbw6-yqe,1200.0,bhvdinim,0
4n7k3-kpwx5-nzcoc-7yzvh-hq63t-rxotc-xbsrd-ers2n-lbokr-pmxdm-hae,1200.0,sngfffpv,0
monrl-k6mwn-qg6sm-lp5p5-rkokz-2mwha-haybt-jwehj-2h5ar-6uuxl-gae,1200.0,eazpyuvy,0
6coed-k5j4w-3ra4r-dzici-fkii7-nico6-w7nxn-sh3nm-w2pno-j3coe-sqe,1200.0,qulsvulr,0
exr2t-mhruh-23gtk-zvzmj-3akw6-hcwgw-hkk4a-4tc64-eye6l-t5t74-eae,1184.3528000084657,baavwfst,0
ornf3-meuwf-wthau-iwklv-p4to6-ynndp-vksuw-rzxtg-g7mip-7wemw-6ae,1200.0,edmtqciv,0
ghxft-ml3fa-awmaj-2dxkd-monq2-ttbr2-ktrrp-pid7o-czoby-x44u2-5ae,1200.0,esvgkvxy,0
s7ucd-my3ve-ye5hi-5z7ri-nzwwd-bd66v-c2mt7-qto32-gjgrg-szxfo-6ae,1200.0,ssjoufgy,0
h6ll3-m2hyb-guddy-ingzq-2yh3u-e6ckw-72syv-e2hui-ytsbv-veq2y-dae,1185.0,dyhnvjad,0
xl5r3-m4wc2-ggko2-kvb7r-cwpsp-wpfqu-7ci2f-gigsy-xzwjt-xyql2-gae,1200.0,hjcjocdo,0
ovmn3-mzjie-5mebl-4tg6z-piidm-ms3ue-vvahk-ljhjj-h52vz-ov5hd-lqe,1200.0,nwbjwpvm,0
i4jft-nhiy6-x6rkd-satze-s6dfk-gyt5v-wwexj-vse6e-frjjl-cffbe-lae,1185.0,kugfjbub,0
pxetl-nvflh-vdvlx-zypj2-vcdxi-b6pad-gwlod-773bk-ktvlg-ctw4d-rqe,1200.0,zjrqsguy,0
oskc3-n7osj-a2cbb-sdtol-wwugn-i5v7p-5hkwa-wgkyf-g3kue-s7lky-kae,1200.0,qcfeagrw,0
dcald-oaxj7-nn6se-zig7e-5fmde-cefi3-kschb-goyhn-blayg-a7tqp-aqe,1200.0,fpsccxhi,0
hig3t-occtt-h7l4g-n7x5z-3qvzu-orzmw-vwujy-tfvap-kbcag-nacge-uae,1200.0,qbpxdatl,0
2bj3d-oqdkm-upkv2-kfzrh-kol2g-whfep-5rydh-vuemw-7hz44-bp2aj-iqe,1200.0,tdcxmevl,0
3hdq3-o63fb-75baz-lkczv-uit4y-nzopn-safc4-luf7r-vaxnp-obmao-2ae,1200.0,nczcwyfg,0
ixxgt-pjk6t-pf53y-wcphe-vfkwe-i457y-5u36f-uulop-zuo5m-3mwuy-wae,1200.0,dzlhcohn,0
ymdz3-pir4i-7dtjl-4c6z3-op22o-b2wxq-6o5eq-tmdhb-x6mdw-tdehw-vae,1200.0,wchlklqw,0
jk4at-pt2hi-weyq6-xgshn-7ofm2-fag6z-7npgt-pfbwf-iomah-voxgc-oqe,1215.5575481800336,hkupsrws,0
7oqtd-puean-pgyb3-w6tah-7zalg-qspci-abbsg-d2jqg-cjtwi-ln5a3-dqe,1200.0,zjgzsska,0
l6t4d-qf3h3-ht7zl-dzp5t-xbru5-vi3np-lccm7-qopjz-cku64-l34jm-5ae,1200.0,lfromtyi,0
akw5t-qpjac-pvodz-ahlsf-panbv-5dmso-kbwhr-ulls4-geeqb-oa7oc-cqe,1200.0,vbhxvkhn,0
myyal-qrjaf-3eamm-umilt-ahlvg-bquii-22sxr-liuuh-ryzji-4sl4d-fqe,1200.0,alkwtrde,0
644gl-qzxds-7xeqe-5tbvj-obm57-wnaw3-wgqzg-h2heu-ts62c-wmrkr-oqe,1200.0,oaeawrpb,0
67gut-rqbum-53pwd-3ujha-jxbny-rglx7-qcakd-h4iw6-zsk4s-ritvj-hqe,1200.0,kuzdulgl,0
krcft-sg3d4-hwokp-onbx5-4xgb6-actsl-7mhe6-jm4qx-wmb3l-wmocx-hae,1200.0,ujyxyhua,0
4es2t-suiht-kn7ts-bhk7s-md3kv-zirqt-thov5-ls33x-vojyh-hidaa-cqe,1200.0,kvnnloqp,0
ttgul-sutfh-f3gu2-hhv3n-uluck-pzka7-dd2ot-yu5ae-qzgoz-nhfda-oae,1200.0,pyhhfsjv,0
fwla3-ssprf-bcad4-gjn5m-olg4e-7nitb-r6nuc-7inkf-we7tm-u2cxd-dqe,1200.0,dyftcmul,0
u6yrt-s5eon-ckg2h-td6it-aak3c-n2e3r-rtdpz-hbldf-gszer-csvqv-rqe,1185.0,ledpekrc,0
jfbzl-tnnxt-tlaro-ttdj5-ozjhz-xkpx3-v5am3-pvl3r-oozdb-cnuae-vae,1185.0,mgrhzilh,0
ucyll-to7il-i3u3r-zjgax-lasj7-5dx3b-aobcz-bcram-tv34p-f3xq6-gae,1200.0,hmemjbtx,0
oeqj3-tt3al-o5ml4-u2lfe-7gonm-i2sjm-xoqaz-e42ke-lhxpz-qxgtt-3qe,1200.0,jjukglnd,0
rdqo3-t67y3-kd32n-mrtdg-p7g26-ebeg3-erj74-plr4h-b4ygl-b57sd-fae,1200.0,hkehknfk,0
td3yt-uwvot-est5e-ni6tz-zz3ps-onasx-iqavm-zur6p-75x2p-ua7yv-yqe,1200.0,eyrlpvuj,0
4fk7l-vkhot-3fpj4-bgmga-wz6y7-5bxry-64vbw-oxh5r-ln572-25rex-hae,1200.0,gusxxfxa,0
llrk3-vivh7-ognmc-yor3l-vowpe-miwok-4gymv-bn6n6-4ur7e-2y6sx-lqe,1200.0,pkunewez,0
5l4g3-vxowy-mf2wk-k64am-3ylwo-ojuuh-dntiw-5c3pw-kb3fh-2fxfx-tqe,1200.0,qhxszhyp,0
xiszt-v4esm-7fknf-plx7z-ajvdf-4hmdh-zopjo-nrtys-mbiph-wehaq-mae,1200.0,wcwdatnh,0
3m4sd-wfn6d-ry62g-lltck-iq6kf-kkrwh-rtl4q-hh2al-ydg76-hofpf-4ae,1200.0,anuwahci,0
qsxnd-ww54a-vguxb-uvxqo-kpmnz-2kqwc-j6glo-tyuu5-j5z7q-cednb-lqe,1184.3528000084657,jebtqycr,0
ly753-ww4tf-q43mo-rfxsy-v2gyo-o5k5q-pudod-coe25-yf5p7-dkkql-rae,1200.0,oetkossn,0
xnv5l-xu4fd-kjhgz-zjk6v-vmik2-5rclv-5mhyg-zfajh-vpbfg-5bzab-kqe,1184.3528000084657,fzxeegik,0
ohtod-xzhgr-mg55d-svcbz-dulhd-dteh5-7sstu-vxeyg-nvmpz-m66fe-xae,1200.0,mcccsaqi,0
smasd-yhpq2-5fm6z-3m5z2-osbzs-mx6w5-5diio-3647w-cc5a2-5jt6a-gae,1200.0,kxtsrqtg,0
uc47l-yjhdw-qub7r-gmh5u-en2q4-ecexa-xcohw-4rer7-xdycj-o4mqm-xae,1200.0,koospsgw,0
bt3cl-yna22-yzzoz-baczf-llybs-yjfgo-kw7ws-ia6bx-f6i2e-ml226-uqe,1200.0,vtnfvzke,0
c67kd-yr22f-2lgl5-a5vie-uk3dc-75h5x-t6lyt-elgv4-h5fwd-4txfg-aqe,1200.0,dfgqrmfw,0
4udll-ze6up-wi2iy-u6v3d-d5hv7-7hnfy-6s3ky-nd225-vjcnd-dpcwe-aae,1200.0,rgngqlzs,0
qcpa3-zpckx-cdbrm-5uxp5-xweay-m22yr-umqdj-lbggf-krqho-5xq7w-cae,1200.0,yycyskks,0
l3gid-2g4yc-64vy6-oq5au-3vdgk-gngbq-3tzda-yqihu-kbyxl-gbo57-jae,1200.0,tmzavugu,0
apn2l-2j6pq-4jfmo-ksbhw-6wfag-cajy7-d5hbu-gdznh-nbcsz-k5pyr-wqe,1200.0,eliuufvy,0
wwqc3-2vopw-vvq5a-sdx4r-zx5n7-7qi3k-ar3qc-t55wl-bhfce-lf72o-lae,1200.0,xwaukvnh,0
6b6r3-3oqzm-2wooq-p2nea-btnph-66ddg-r64zx-kyf26-xinqv-m7hkt-eqe,1200.0,uoqyswbs,0
einol-3srf3-627m3-5gubc-mffcf-keui4-h5v2g-gdcx5-bx3uu-7bc6h-qae,1200.0,jyhixqvj,0
n3vz3-4fptu-ifyov-dpjdh-ewso7-sfjrf-3f3r6-sndog-5rmyl-2n6ag-7ae,1200.0,fhbreqql,0
xyhcl-4befe-2cogm-hktuo-fjhlr-wjq6m-3berg-7h3z7-2tq2t-dtp2g-wqe,1200.0,ezcsrnst,0
ye3wl-4whvb-e3vwj-44z3x-as2tx-a52sb-ixxn3-zv37n-u55kd-et3aj-pqe,1200.0,cbtjbpsg,0
svkwt-4y4r7-esma4-vaohs-lqowp-x7egj-isrzz-3dyj5-ailgt-v4oge-fae,1200.0,kzrtxzqq,0
wc7bl-5i5x6-icxoz-i54mm-lok3a-2vn7z-p7buv-ruqam-a2vds-a42f4-mqe,1200.0,fasjqfas,0
nz2x3-57qvg-kbovz-j7k6y-a66js-yrg4d-6eflx-fb2er-gq5jc-lrv4y-pqe,1200.0,dnvjcfvz,0
2a3ql-6ju7a-yafe4-6x5iq-y4ok3-wcja6-v4z2l-h7eo3-iovjg-4cmqi-mae,1184.3528000084657,jsebbnhp,0
aqk4t-6iuyr-6mfg7-p7kzb-77x7f-hictk-nfccu-cazey-bzk4j-rpmry-jae,1185.0,slcqcspe,0
tktmd-62eeo-jko25-uom32-c5gbf-xrrkk-o275p-tx3ec-fubtm-c3k34-iqe,1200.0,fqtwjojk,0
f6vtd-7smls-t22i3-ehpip-bptfi-4lplm-3z46r-5wj2g-esqgo-whtzm-5qe,1200.0,bkriozgy,0
owq2d-74g4m-fgfuv-edarv-4me7r-zutsu-ifayi-yvada-drs2n-a32sm-pae,1169.9720581625813,hwpbbdzk,0
wjfwu-bh5z5-urxtz-jnh4f-rc2jg-ks7j3-t62up-lammp-t7ics-rbhsz-tqe,1200.0,irhlppqp,0
5k2se-bmy66-wbiio-q33ca-nd7yc-oirwe-akr26-unwn4-ihteb-52utg-yae,1200.0,ouspasal,0
bzuwm-coax2-ci6xl-njze5-eygor-56lgf-iffsq-44ioh-wdlxp-cnm3a-7qe,1200.0,wxigrikp,0
zpmou-clfxj-wthu5-qogua-znoc4-dr323-obdg4-me7ov-4a35z-rizaw-zqe,1200.0,eybjcyvo,0
yxwmm-coboz-cvcll-rtt4d-a3m4l-clk3t-bzrej-r4zdy-zrayf-quzh5-iae,1200.0,ezdvtfth,0
txhx4-crbsp-pkgfn-kjuaq-eggua-wlph7-k4sal-27mkz-rtd2z-p3q6q-tqe,1200.0,jkxheenr,0
lnoz4-dedyl-jt6nt-6adar-wjz5r-6ed3w-pbeyl-kghvt-xo3g2-64b3e-kae,1200.0,rgigztdd,0
xbmpm-dj3ad-wa54f-3qgmc-h7fex-ktz3t-edhxn-miizt-hhsl2-ifo53-mqe,1200.0,lhxxipbl,0
cnoeu-dpksc-hdny5-l2n4i-v6mmo-c6j3f-6ewbs-elpxy-2ktma-edt6l-aqe,1200.0,inskykny,0
2prdm-dpszh-7pgiz-hhd2r-zzrri-qkgmp-spykn-evgf6-pduy4-eltfk-6qe,1200.0,fcotdvgt,0
37ojm-do72q-xnto6-otcc7-j2ph4-guhag-tj23n-uz7h3-wqans-lrskb-fae,1200.0,qpdvbrph,0
uj5fm-dqha5-odcky-h6ye7-rdqhu-eckgn-wjzdz-q6vev-a2b6c-goyvd-qae,1199.9720581625813,njdblzgc,0
pj3ou-eek6o-zbs6f-lwvxs-zqnjp-dsic4-4jt3p-hm4sc-24om5-dujm3-zqe,1200.0,kewxdnhd,0
3lovu-ext62-nirpk-yorje-n2bi6-e36d3-5zotg-jcch4-jnnfp-q5ouc-yqe,1200.0,rhztcdlb,0
hkdyu-e6sxa-2ssk5-rxexj-owzkt-6zxvv-tt4rk-sz2y5-zo2tc-i23ht-cqe,1200.0,cxzpkzfr,0
lmutm-fvsdc-oisge-ql254-deir7-tcc4c-6rnpm-w5352-cezzp-m7tod-aqe,1184.3528000084657,tqstaclh,0
jtage-f4lxk-zoswr-hg4bw-5wd2u-hokxg-274ha-lg2hn-g4mos-wtnjm-fae,1200.0,pszqtwxr,0
ykx6m-fyn75-lg6zf-bu7rt-ilswi-dcmlm-qypiw-ntoi4-aj6l7-ewfyu-7qe,1200.0,uxjvbuhp,0
5iik4-gh5ld-6rvyz-533lg-h7zd2-jmmln-fw7yx-kzhn5-mdrqx-35z4t-4qe,1200.0,yyrprtsq,0
4b5ou-gkzzr-uqln2-lzb7g-m2cdl-ymrtb-inoy7-2l6yi-63tme-q25i4-eae,1200.0,omrboaoq,0
4citu-gruci-xjjqp-dyppk-rllar-bqgv5-gzsor-soutj-aqruy-bxdmv-2ae,1184.3528000084657,tkenorlh,0
uoq4u-gsmqb-l6a74-unonf-v44yu-vp5ab-psxxk-pnpfj-vythc-pfxj3-xae,1200.0,svbhflxt,0
ev72u-hujaj-hcnyr-gklvh-usy2h-iaovl-iyozg-wk23m-7iggh-5anjh-7ae,1200.0,gpxmgblg,0
4yj34-ihntt-i4moj-lfekn-ikgz4-lasv6-5744b-46s4b-nvpgr-tpp2b-7qe,1200.0,ipwoerwe,0
miute-ip7xw-rejxg-keqwm-htthp-fh5jv-55o4t-6ewj3-jxxc2-27ydu-7ae,1200.0,vaczbhue,0
723hm-iierx-utl7n-mpbzc-cl5ou-jk344-sdgjx-a7z54-s77rv-ht6mi-fae,1200.0,lqedltyx,0
2zlbu-jvatd-sa7wv-usgow-ukwdl-qogo3-e4qcx-gdepb-sjvxv-xqcws-vae,1200.0,psyyxhon,0
hwlvu-j54cw-nbhzn-yu3b6-zes75-wu75r-q5ywj-yuotk-bq24i-y4uil-iqe,1200.0,efbcdyqb,0
v26uu-kqok3-gpqih-scolp-top7k-2jcnq-7xvtg-dt6li-trxea-ayb7p-zae,1200.0,ecwoyjbo,0
cpque-kujxy-loqyd-iicl6-5wrcv-mqcpm-th6w4-qfpg5-7uncy-gxyxs-rqe,1200.0,relaoifz,0
h6s4u-lhlog-sz4kd-qi4eg-5xms4-neszn-gcoh6-abisu-754rn-7kvkn-kae,1200.0,ihijyvpg,0
ka7w4-lj65x-bgaan-azasz-nlyzi-mkpk5-f7cie-g6a72-zjsgw-i5nsl-iqe,1199.9720581625813,alymimxn,0
tsjr4-ll5kl-cdowy-w7ual-3ae5a-drvxe-z74rm-a52ci-hkkye-b6ctu-sqe,1200.0,rhmjuhvu,0
u7sru-lsaz4-as4yh-ususr-xe5xd-jliew-2ufwg-toig4-xds3n-tqymg-zqe,1200.0,viioyhql,0
w25ye-mqzp5-4msos-ywqdt-sbeyj-qxtuc-czkax-tqe3z-znph4-3m4dw-uae,1185.0,vbldttlf,0
nglbm-mumud-gkyiw-nargb-yoeqe-7dshb-5qmyo-q45l5-epqdn-fqogu-jae,1200.0,oyyulasb,0
hybde-myw4l-356z5-ownw3-zsowa-qzlmu-muy74-gzf26-sypc5-qe3zk-fae,1200.0,wathxkzr,0
ncabm-nqgx4-d5nmp-kmwkx-u7egt-c7icj-cot7k-3urgk-btmik-sy6ge-6qe,1185.0,mmphgehu,0
64efe-obxvb-xen2s-kxzav-gtywm-6ro2u-z7siy-5523u-gr7t5-pkr44-7qe,1200.0,xsjqymgz,0
hyl4u-omq6g-rc5mw-s2oql-bz7bq-rkwjk-wa5kc-4wecs-hteag-jusyc-2qe,1200.0,dussiheo,0
5d43u-oykdz-ogezr-kffdb-6dpjs-dlssf-if3mp-54wip-475fw-q2zg4-cae,1184.3528000084657,ocvhdjvb,0
vmyx4-ptqx6-qnqc3-hjpsr-mj2r2-zrgq2-72z3a-7hoae-vn6cf-kbqvp-zae,1200.0,ziwteleq,0
nen2u-qemqf-sc57d-cz3me-xtoxw-blccu-oeoz7-w72t6-uz36o-x4ra3-hqe,1200.0,mpxndmfs,0
r3rqm-qk7jy-6pvgu-dnqqv-dt3g6-6er33-odcw5-aspay-gqmuf-jilnj-hae,1184.3528000084657,kwpwsfqm,0
ramme-qmxcj-ynbyu-rd2az-w3rnk-flh36-psyya-xub4c-6sy6f-buuyu-fae,1185.0,jgleuvoc,0
mkfoe-qidgg-sgtu6-ds6pc-lvkdw-gckkw-3vl5z-dpgxn-fa5g7-vu4ys-7ae,1200.0,pbntbdvt,0
gpk5m-qnu3i-mdzwb-uqcwy-7ngul-7sk3q-anqdv-ucp5d-ryzus-mlfoj-tae,1200.0,gheuykrt,0
2pgw4-raaby-odqug-ku47o-ihe4r-6esue-kp3lz-m3qqn-df6tj-b5rri-eqe,1200.0,ikfkczyx,0
vfbre-rfsp5-2gb62-5p6tz-i5vcl-dnnsb-t4l3p-xugso-bal4g-dzbnn-vae,1200.0,tguchclv,0
2mem4-rbmwe-gzbdc-uvlez-hvxh3-k3dvh-jvgv4-3elmb-zb3td-zh7yf-dqe,1200.0,aqzrzcmx,0
acrue-r6bik-6ez5m-qal5z-gcdir-v56sf-djfv5-dklne-5b2ks-2hduu-pqe,1200.0,vvqfyydg,0
4snye-r67d2-q3vfu-i2eiw-qkmvn-bxxy7-if6jt-t6e2c-7h3x6-r2q4q-yqe,1184.3528000084657,jbrybyzb,0
mgqbe-shk2y-y7tsy-ysdmj-fj7aa-3inyq-um52k-zd52m-yr5ob-uye4f-3ae,1200.0266836715462,ajvarntu,0
3qzhe-sszds-j2e4l-xlobi-x3jze-pvz7o-g2scw-opocm-tmjjv-hakpz-uqe,1168.7322877929107,bnkseeco,0
7hyp4-ssajm-3grk6-ya36w-5aaea-7gw5k-gsr3k-oqr7g-cajma-v7piu-aae,1200.0,rgeeswfp,0
4vqam-t2jyu-fguvj-ecjpf-yqgq3-bxy6p-hocgr-nf4qe-ztfns-fkhdx-zae,1200.0,ausebhay,0
4ccqe-t6t5w-vle72-zb3on-pcynl-mzcfa-hsmfk-b7dhs-5khym-lccis-oae,1200.0,qyusxaqt,0
53l74-ufog2-4gyhk-yrkrl-542ob-fe2p2-ejh55-pjf3f-fio7n-c4iyk-jae,1200.0,yiudusih,0
shn2m-u5oew-afhsy-csa55-wlzxd-ccywp-brj2r-f2elg-ibowp-j34sj-kae,1185.0,shuwkwcu,0
c3vpu-v75ef-i2al2-ktw4i-5lnga-57sa5-rz2z6-snmky-7w7cr-feg7g-vqe,1200.0,ycopdpwe,0
6zkqm-v2z7r-jixvk-hhb26-jg4n2-mq4zj-qz73f-ly2ag-ahf4s-7b3ln-aqe,1200.0,gxcxfyre,0
txzxe-wh2sl-h3nea-n6cat-i6syh-ivdon-5ldo2-6njxq-xklbb-tpofq-uae,1185.0,jljvdiho,0
22n6m-w63uj-za44m-vidt3-wpnx5-hlz65-lxdkz-aff2t-nxp36-pmubd-oqe,1200.0,dsbseqbf,0
oc7lu-w35ju-yqkw3-ticv7-lb5bo-42gyl-rku6f-gvwvt-4w6ud-ibsg3-7qe,1200.0,prekfmxp,0
ppm5u-xk4hv-p3emw-2mxrr-l6vv3-c7rwh-rq2hz-xxgwe-j6vqj-pxenp-cqe,1200.0,eawylkki,0
v24fm-xvopw-5poti-eoqq7-a4t2o-k6ngq-5aldc-ng24b-q4hnd-li2lo-kae,1184.3528000084657,chqczrme,0
xiuk4-x5mwa-wzbra-rf5sf-ybnu5-43hy2-ynxqj-qolvi-fwtz5-ntw2i-zqe,1200.0,jycjxaqc,0
zi2ae-zbrsd-2tzvb-qzt46-mieam-sgwsx-pagtk-lvpil-2qvin-cbbso-5qe,1200.0,umhizxac,0
p3fb4-zpw6d-rjjum-jef2h-yc7lq-gfe6w-ortsl-7nel7-3zcgs-vvykw-qae,1185.0,ufkltqen,0
2ibpe-2bbrd-jsrrr-k6ifg-kux5l-gg43r-dg5iw-l5jjc-i22fo-qzs5j-lae,1184.3528000084657,cpkvbrho,0
tnxlm-2bhuv-xe4ra-v4ysd-dx45e-dhpug-bqw4n-ge7jm-4cze4-bglrt-bqe,1200.0,gbghaons,0
c2eo4-2py2f-i6qy7-knbqb-fonsf-u26b2-35aes-if7ed-xqwpi-6eyvn-2ae,1200.0,yuypczgo,0
rto4u-2nrit-rzghv-dslye-p4j3h-qejda-zicpo-tsuec-ok2bv-wlv7g-lqe,1200.0,epybwojp,0
zr4ae-2x4h4-6xv5u-selk2-tbcc5-pwqac-es7ic-keigk-7qia7-uw2x7-3ae,1200.0,mhtjwgme,0
q4xiu-3wpce-acqdm-ncqaq-f7fbh-zodh3-ny64b-hpq2m-fxlhg-vqwla-jae,1200.0,nictnilb,0
kultm-36lac-vq7xz-vagap-vusep-pimli-2otiq-52sub-g27b7-mrxmz-hae,1200.0,cnetsndh,0
wspbe-4fgdz-in6rg-w2m4q-iisss-t4ze4-vr7y3-5b5oc-gxfoh-of3j2-5qe,1200.0,pyuqlkrk,0
mn5iu-4ncje-ws6p5-ztjz4-7j7a3-xdkvf-hqzz7-qogk7-62pp5-7s3rl-vqe,1279.0225087561412,wtskgjct,0
juco4-4plwh-35wp2-clvsy-335ba-qez4h-47zpv-tbe4s-qmg23-y4tuo-6qe,1200.0,dcmninyl,0
4pmtu-4mnua-qg5zw-rvdln-cxzmg-ikddl-hkalm-4l34q-r5tc3-eppoh-wae,1200.0,adkuwlsn,0
pnbje-4v6wc-howiy-qtx4x-sqxwj-sibj7-ftfj2-mot4a-7ctld-iiyic-tae,1200.0,netgytvv,0
wz7de-4zs2f-bse5f-3ux3g-i6p6l-klvzm-dfrxj-mnbsq-tf5pc-kled2-fqe,1200.0,nrgfvudd,0
g6duu-4zmq2-n3fbe-2drtq-2aw4i-tf6wd-i4lic-yduj3-nq24p-qiwnl-pqe,1200.0,pfxofddy,0
j6qvm-45i6w-j7zhj-kp7nc-y4iul-v4oi4-v4hbl-u37kv-k54wx-s7vpq-dqe,1200.0,lvwakmcl,0
sebau-5jcjx-f4tlg-vjzea-d6rtn-irkjw-6kiej-nseec-3yk3r-wk6du-iqe,1200.0,okoszdwt,0
pqlem-56hvj-azzvt-ovdty-gyyt3-a75zf-oh6ln-knq4h-xiseh-tiidm-pae,1184.3528000084657,ikdcqfpb,0
cd4n4-5242a-3t36v-rosmv-chdch-oyfba-inf2p-5vty3-zz7ri-2evt6-xae,1200.0,sjapchhl,0
4hrl4-6awye-jvq4s-3f3it-gi5fy-pqklt-xqqgb-tctd6-srk56-ygsds-lae,1200.0,owwmtclf,0
k5qve-6gzyd-pe3gq-34kmo-pdjom-bgbmk-tjeyu-mhpgu-4nsf6-2kryk-rqe,1200.0,tlgfpiwk,0
da5te-65ytn-iuwcr-fqrq5-54lwj-yigjy-oxcis-pryhc-yajh5-7btex-qqe,1200.0,mpqsugrv,0
47lve-63fqq-75o7m-u7vso-bbpdo-vo7a4-jyvn3-lkmph-iu3vl-qwicu-hae,1200.0,jyctysmz,0
74e4m-7vzms-gxzb2-hftcc-2n446-pag7r-ocioz-iahz7-l4bhd-3usce-yae,1200.0,okejiokg,0
z4rcu-74dpy-bs67q-oclpw-ut2k6-5vknw-uj2ih-4gvg6-hm2lc-h5oe3-cqe,1200.0,ahcnwdoe,0
6h775-adqqj-4xnw3-222tt-p2uzv-nqvym-endfu-i4slp-ztspn-4klu5-bqe,1200.0,yvglnako,0
v4lqf-a3clf-xcah6-5jlxg-avrxa-wnlzv-phwc6-5v5of-hfacs-dj3ua-fae,1200.0,bztulpga,0
jwmxv-cbi7l-bvl7z-i7fjh-4ma3i-jreg5-aflgr-eae2n-fbknw-snb67-uae,1185.0,vpnkcvgi,0
d76rv-cus6f-yiv4i-lbn7b-hiiap-nlkcj-5hwh5-cxbij-32pgh-or52k-bqe,1200.0,ulxknduu,0
hzxkv-c4bc5-hsyuz-q2vqv-eag7s-icypj-dfi7b-pf5d5-62gib-eupto-yae,1200.0,fczmsmxx,0
5ekfv-dnzei-w2v7b-a33fq-slx5p-yawos-wc5wh-yc5ri-hxkv6-jf5np-5ae,1200.0,httorsju,0
w26lf-dyehl-kgb4e-6634g-pupqs-st2il-34fwt-lovez-5a2fb-okbgz-hae,1200.0,xuabvhjo,0
56qcf-ei6ab-tulmg-e7mbr-ap73j-malfo-jmisn-gw3oy-q7adv-liy4w-bae,1200.0,ksqnaqom,0
7bvb5-fbv5q-swe2x-g6uo2-m62jp-z2asu-ubpjm-w7tfu-x4fsu-ptz63-xqe,1200.0,oizoxrch,0
7xhun-fdp4l-xnrvc-2heg3-ymoqo-uwyfv-qwuec-kuhxv-uvqf3-s7edm-cqe,1200.0,usidlwkk,0
w5rhn-fzsib-ylc5r-dgybz-oarwl-5snhy-dz276-rvypw-27rqs-55cqp-kqe,1200.0,gqxhzaiz,0
mecsn-gu5bm-zr3oy-2podc-w24un-cjsgl-azupq-m75mn-jshoy-qeqwu-nqe,1200.0,rcytlxco,0
vg4k5-haacf-3ky3l-kk4et-6bg7r-6ydp7-ff6k2-wzhtv-j2sih-er44i-bae,1185.0,ngkqdygx,0
fcynf-hmt5y-6pmi6-jewy3-4s7ju-5v2xe-ecys2-kzo22-paxj6-j3a4r-jae,1200.0,obwuwiil,0
fpuh5-ho2dz-bftqb-3lzto-6c3pj-ag7ao-q6v4g-5gf26-b4uqh-bp5ox-wqe,1200.0,tocrihkb,0
vuug5-hpwum-eop5f-l45nd-ivnh5-oxifp-vxeqt-2rx7m-5l6ss-vyvkw-rqe,1200.0,oydacnym,0
dn4jf-hzn4f-wca2j-vhndj-u2bwl-oby2l-k4jep-rjlmr-wgi4z-z7fpw-tqe,1200.0,qrhwzjbq,0
e53wn-idz7e-5swti-lyy7v-ro5iv-nztkc-tc4nw-mkv2y-fggby-wqck4-cqe,1200.0,vlahljve,0
tcn3v-idecv-yz2jv-ds4r2-fjcgx-2nq2b-elqn3-56wna-akikk-dac6f-rae,1200.0,viqykjld,0
zhtov-ichaq-j3wvp-rziyc-nmul4-befza-tsil7-zw4en-wgopi-xsbi7-bqe,1185.0,twgjvzxs,0
to7a5-iycdf-nsqbd-nyc4j-hsqe5-w5rb6-tos7v-dhh56-kwchz-qpjfc-cqe,1200.0,fjxdjdbu,0
auasn-kfo6n-5xgln-7a4bf-33ind-bgb3d-qt4oe-ij66f-wzwqt-kipdd-4ae,1200.0,nqlumngd,0
g3a3n-klozi-hrlqo-7sim2-mt32k-av7ii-hesxr-ysezp-u7ldx-sc3wt-hae,1200.0,pdnncbnl,0
fxrgn-kiw6b-vbp3t-xl54d-puej5-lkxto-bzk4r-uekzo-4eeqk-utjlk-hqe,1200.0,vjffbviw,0
4edwv-kuisv-uhrfy-7volb-goyfr-ca2qw-pjfqc-27lvu-6fmim-gcsag-4ae,1184.3528000084657,atulwumv,0
g6rgf-k5kgw-4u5du-zdhit-k2in7-nholy-ggytz-hqaug-glkcs-3jtee-tae,1200.0,lwpeultn,0
hfulf-luy6j-idhuw-rzeq7-jbm35-it2zg-myrxp-vcwrl-gcvss-6tsck-fae,1200.0,bshyhoqd,0
oxcc5-lwp6n-ufu7z-lguri-2lfnv-kuz2a-yyr5z-xsatw-oykmd-rn2wl-dae,1200.0,zbcnuwxb,0
exdkf-mm3nn-t7cfp-v5wlr-zetcn-eh2ki-yengp-yv2fk-hjnzp-e3uwl-bqe,1200.0,lxbqmswb,0
mpzgv-neoqf-ajuul-ajdny-dttg3-nhger-z6e2f-jybnt-tlbds-yflqe-xqe,1200.0,vatltjtq,0
zn5l5-nvgs3-3j2yu-w2czr-jr5xa-r3owy-ddppc-42bpl-zgo64-g565p-rae,1200.0,orkrsudh,0
vvrcn-nsfnf-ozlgs-tqko4-iimx3-cpyux-253he-uka4f-csh3z-kqve3-zae,1200.0,amtqnwlt,0
d65on-n56at-grzod-ivclv-n2prn-vvrpx-74slo-5ptzz-b2viz-wwrry-yae,1200.0,snjdiqgz,0
fjpav-pgary-2jtea-zcah2-bfpvc-do45w-gnuig-ythdo-rteg5-koxgc-eae,1200.0,uepyhhrb,0
zv2e5-pdkqi-owz2b-s677g-rr3ne-fpgq7-r4nl4-wcfyw-uh4gr-t5olf-mae,1200.0,coqlhmhk,0
yijxf-pxeam-klpyk-65y3b-u5jd3-x7vru-5bvqw-hegrl-km6dj-va5k5-eae,1200.0,goznlmge,0
7ozuv-p6r2o-gwztd-fra44-n6w62-wvkzv-txmrh-qhbjm-65uc2-tdxzi-yqe,1200.0,kxhlblvb,0
epjff-qdwdv-taphs-lkypa-awodi-5yiow-5cpah-vgfif-crx7b-46bro-eae,1185.0,aprtoqsm,0
sayzn-qmh2j-zh6qj-px3xc-hovkv-vosth-ss6d5-4qhid-jbfyb-g32fq-2qe,1200.0,pobqwant,0
nzjc5-rexjs-vc3lz-gwtpj-lgkij-hucbo-3377s-lo6ox-g366w-2nkjs-zqe,1200.0,jovozscl,0
uxden-rlwq3-nnpxp-m6dtw-3olff-h2o4r-dy4ye-reszo-ohoy3-fn4hr-kqe,1200.0,mwdgowxt,0
z727f-rkhdh-ucn6v-dm7xq-ifovj-pfmau-75hrz-ozcur-x55ko-lascc-4qe,1185.0,jskwxcms,0
yfha5-tld7y-yiq2n-3gzln-ifrm2-3yuvy-omnh5-srh5c-b7f3c-ay4o5-fae,1184.3528000084657,svjkztco,0
cdf2f-tijqd-gbrj6-yjrwj-fjrb6-txlsg-uhr2j-qdexp-jtslk-os7tq-xqe,1200.0,cpmpuufj,0
6wvsn-tqera-ilk66-jg6n4-gotl3-qvtv5-ykkmw-uax7a-26yty-dx2fb-mae,1200.0,rfbjytat,0
7m7r5-txbij-yc56r-jusos-5gqym-gi4ft-oufii-2v5ku-qp7gq-ydd3l-2ae,1200.0,zkuvohuf,0
tfwk5-tqb7w-pvlhh-gcivz-6uvdt-aj265-jhcok-zfllb-rq5mx-fehp3-jae,1200.0,axqeljsh,0
qp3ff-tq5br-swuyl-q37qt-hsbkd-xbczh-kxu6m-bbnzh-yxc6w-5ibuc-dqe,1185.0,ezrmdsky,0
e427f-ux6qe-ek4bp-qsrof-lfywx-af5yj-cyuow-4kodj-k5lq6-wygmi-dae,1184.3528000084657,bghxuogo,0
ve2an-u64ez-zhm74-hld7j-jkhxv-vzvn5-kro3j-n6qbs-5hfpa-7t2hw-wqe,1200.0,vtbddaxx,0
r23gn-vacnk-6ipb4-zavz4-dgoyc-tzl2f-lbgqj-xpaez-5mzxd-jeaas-pae,1200.0,rqzllozf,0
xq5jv-vi66o-g7yn7-opmhg-e37ax-slwts-dnl7d-gmtyl-ketgt-o7hmv-5qe,1200.0,kslxnwif,0
cw2df-wok6x-gmhqb-4jf5m-l2ody-l7xl3-wsugr-f7g6d-4ynob-j7ovw-rae,1200.0,dwfoobhn,0
dh5sv-wrdar-hbqys-nhw2k-ujfqb-bflby-ognaj-dxtxb-hnzkl-hnreo-eqe,1200.0,ywyroacz,0
53nn5-wxj2t-7n73g-v45qm-7fsbv-mpf7x-ifnlf-p7nnu-p6576-fte3a-rqe,1185.0,qarlpbuy,0
lorfv-w3zf5-g3tpk-lt4db-hah2s-6sjmt-r3g7p-pzomr-lpilh-v3ybv-qqe,1200.0,gblsslpx,0
nplr5-xgwfw-bza6c-d2cmf-r72yq-grpb6-ueg6i-bkbim-mvtx6-3zlx4-yae,1200.0,wgcwoalj,0
vy655-xv4r3-sl6m2-ofkqo-hgda6-rgfdu-5cwm3-4rdh2-ey7ty-n7hoo-5ae,1200.0,okwkozlm,0
qbig5-yhlx2-apu7b-fqse3-4mbpb-cov23-7ppa2-v4y4q-t32u3-7ftgy-oae,1200.0,xppggave,0
dbnkv-ykpax-rec3a-njko7-ff26c-do4uc-qu7vw-whyph-vkiuj-bhjam-4ae,1200.0,uxnaxwpe,0
cgub5-yquc2-y2nba-3pvfu-fni24-aw3mo-t67zt-ukozg-rqwvw-q6ikv-fae,1200.0,cpesraqy,0
gchsn-zaadu-rieut-lnnq5-cyobj-xwetv-7bvrw-64dtq-vrzre-nqaqs-nqe,1200.0,sbnihkdn,0
ymjdn-zp4x3-rvb6d-6qd6i-y3hqb-hogxb-zsirx-tfle2-ayydn-vjnke-sqe,1200.0,mcwiirar,0
wgwhv-zppg7-dfd5s-mlr4d-pfudf-eh4dp-i2err-qbxog-mek4e-56sze-gae,1200.0,inxnscuv,0
rueov-zly27-56q4j-si374-s62kh-4uc47-ck6vv-vatxi-55aow-3wvhq-eqe,1200.0,pafeykbi,0
u27n5-2c5ef-ackpa-jyrs5-yyzkp-dukw4-p2ma5-4rmb7-a7tv6-rw42b-sqe,1215.1497619892532,jsizadez,0
idlp5-2iksb-viw63-mklf4-wz5wz-7mdlz-cslg4-44ldv-dpq3p-wmw44-kae,1185.0,nlaerhve,0
zq4ef-3dr5n-ncg4f-ca4da-x6ajb-jsgou-alfaw-iqqne-hrhnk-xkb7b-bae,1185.0,piikpusn,0
6rs7v-3jjal-kddii-6gfs4-fw5fs-zrk3b-ssnku-rw45t-vceoo-pz6o2-nae,1185.0,vtdgaxxw,0
uqujv-3vjhw-jacxh-5xxzz-bgcd3-fz3st-llzms-pbz2l-fgq35-romhj-6ae,1200.0,mhqohgdu,0
eltkf-3sc6x-mvaph-4ra6h-j2hon-nru4o-ufem5-yng4n-3ojsw-imch6-sqe,1200.0,tuhihffn,0
iiup5-4hj6c-cl43x-apdal-pcumj-bl47m-rxg6m-brlc2-4ti3r-2cjuf-jqe,1200.0,nkufmoht,0
pq4un-4vy3q-rsas5-ip6rl-4z7v7-z6mkl-47f7p-fim5f-nedbv-7wxb2-hqe,1200.0,azdbbfyt,0
k4abv-47qjj-dear3-7zeqv-txhog-odzko-nw3fy-5f6nd-nztjr-nfdla-gae,1200.0,nugtjkla,0
gyipv-4247t-yztz6-5uvjt-lmxqs-umyig-zpsjt-syuqb-yhxu4-sziqb-vae,1200.0,ceylmvqn,0
xkc6f-5vue4-4e5ch-ph7t4-2v4qp-cnjdz-55mw4-acbzc-tybss-gn6si-yqe,1200.0,yvbfcxpx,0
vubuv-57ljt-w75cm-k3li5-wfiwp-bjj2i-qaqlb-mpqen-al3j6-wh7ky-4qe,1200.0266836715462,fwlmtzsa,0
xmbu5-6iuaa-avixr-5x2sp-saaoh-kkms2-33xuc-xdggh-zbcpj-bxhkq-aqe,1185.0,idmzadwz,0
bbmuv-6i5vx-m5vow-q6n23-rq6uw-uifge-6nxxp-ih5ip-v3prh-v75jd-cae,1200.0,wmmnftnl,0
xtvfn-6uxaa-yxz3x-nrbtz-gxslj-kz6aq-vm7ah-ffvp7-nxaoa-3wvwr-vae,1200.0,oobktarn,0
ib6sn-6yxdv-pbpxf-he4mn-h3irc-vv6mq-3gg3f-c3twi-iwjip-egw4w-6ae,1200.0,ovtytsek,0
6oas5-635mg-veamm-pnccl-sjmc3-ab2yu-glv3n-4vtp2-t4rsk-l46qj-rqe,1200.0,flgbhwyi,0
fgohv-67eyv-jk6hc-5zo6o-aqyvm-qozbf-iw6sq-ounry-jcx46-dqorg-gae,1200.0,mpzzelgf,0
6gh4v-7pya7-bbxar-wul2p-i3nzb-7hd4o-zwjue-z2cja-qnvsl-f3xfq-lqe,1200.0,tzwomhii,0
ixdo5-7nky5-rowe5-yc5ag-tt6jq-i7ppu-ln5e6-q4gu6-gp67t-ziqq5-gqe,1185.0,oiozhglb,0
txg3g-atc6x-bu37m-qbir2-5y5ru-jeae6-ctcxk-zh7rd-4l426-hubw4-lqe,1200.0,vijjtkrc,0
c6j3g-bf6w6-lt32p-lzwfp-udawu-w76lz-zitvh-74qpf-fiipj-fyh5u-oae,1200.0,risxrviw,0
amwpg-bw25r-qbshj-xfnsy-htltl-zzqga-dziln-yizok-hucth-xry6x-pqe,1200.0,mvmhbctf,0
vkk3w-bsbgb-rj64d-s4tzl-topvt-rtn3p-q4s5g-przyh-j4ada-idgpu-pae,1184.3528000084657,kiwxyogp,0
wfnk6-cjpkt-varpc-j3isb-6d3bb-ciukj-rbcjo-afdkl-powxw-ekfnr-zae,1184.3528000084657,qzkfzpup,0
jsl2w-cler4-v6qcy-dk7di-3qm6k-5q6wn-zjffe-xhufz-bhs4c-zpuq2-nqe,1200.0,xxfgcpha,0
p4tsg-cy5u2-svek5-hmbz5-p4suc-hy6aj-525vz-vff4r-qvcpn-ojzkm-lae,1200.0,nkxirxzl,0
3zmlw-dhcrx-y4utq-oh2bt-bngiu-4ywjp-sgr5m-eibtg-geprx-ggomy-wae,1200.0,fxaxhsqn,0
6y52w-dh22l-csrhx-j7nws-iykcf-wxumi-nkf4c-hjrej-xfa22-u5qor-rqe,1200.0,qkdvnvst,0
tarko-dxsat-lufa4-q2ekt-32h2s-kl5sx-v7jwf-x3qhn-ggd66-relss-cqe,1200.0,yakdnlej,0
5xwqw-egoyd-zcnm4-7neor-a6c5w-qwoqm-uoqq6-lmyu4-b4sqx-wv4qb-cqe,1200.0,ctmohffq,0
4rjgw-ei3po-ituit-geuda-itggv-lyncf-qpajb-urw2h-btvv3-6j5s5-yae,1200.0,iujjfjgi,0
th6q6-er2d4-fh6g4-odklk-gfbnh-7dw3g-oilly-btb7s-tfyuz-gdboz-6ae,1200.0,kqclagbz,0
ctw56-fggjl-ktdoq-i4tlr-ycjya-xaqqt-tnf2j-rern2-oh2ni-7pwon-vqe,1200.0,xnvbbzgi,0
7brw6-fnpw7-cntxy-yhit3-lwe3n-4ol5s-6374s-hec6e-hfyuv-imsre-tae,1200.0,kuqmrekx,0
pihsw-fjxg6-fz5vi-eh7bt-gwv42-feofe-wzbxa-a4d3p-asq3r-n43vq-bqe,1200.0,alixjuvu,0
vjqi6-fn6z2-bvqwe-eiiwa-euo6y-jel2c-t4c3m-73tdn-5u4ll-ahsib-bqe,1200.0,qaeddshf,0
47yww-ic6zk-7ucsg-cbvkk-a5ig6-tvepl-ocm5g-mzikh-y6dpg-vtyfr-fae,1200.0,wllabobr,0
vecbg-iux3t-tejdl-ejgqq-nvjir-m2uu2-g3ldd-3fbha-vlhba-niug4-jae,1200.0,lmdiphiw,0
5mixo-jd2qz-rgdby-5ymy3-fz5va-okspk-7nknc-vqw2k-huoqg-fa3h7-fqe,1200.0266836715462,qgbcuxxn,0
iakqg-jg53z-fgchl-lrzrk-nozr2-ruynx-hkqtc-zqflx-awvku-uxvkr-oae,1200.0,kdgztoyv,0
hnkco-jbvt2-amj62-r3dae-uf7oe-b33fp-pmn2u-bxijt-em7ci-xpyke-vqe,1200.0,dfmiuxrd,0
fh6ao-jjbvz-67jfs-nfxhd-jyxvl-lcf3x-ve6ej-7xkfq-npmgy-e3ug6-rqe,1200.0,owjumxvp,0
5ura6-lxtnu-2ffkw-sd57a-vucvq-dfo5z-45zkd-2btvj-jw6ne-rni3m-vae,1200.0,phzdhxlr,0
mn6yo-lue2m-akssa-74xxt-47dg3-l75as-utf6p-v72c7-wlvwv-lilby-uqe,1200.0,luullncc,0
jk75o-mgpig-yuk2k-vlf2u-o2nbc-ylqpx-vjurc-uay37-yo3jy-3ycgu-fqe,1200.0,mfgooaea,0
yggl6-mrerf-xdyxx-sbgi5-tfepx-2ir6p-jrwb3-4qmsq-wjafc-q25il-cae,1184.3528000084657,thftqbcw,0
ywiso-mrwo6-rjtb4-acoj7-r27x5-doyky-4qotq-zme63-us4z4-phi6p-kae,1184.3528000084657,ybdorlrp,0
3olx6-m5paj-s7ayf-aasmo-bjbtb-m6uom-nxb2b-bs4a2-usmvb-ufz43-jqe,1184.3528000084657,giswvnyr,0
2gfr6-ne2n5-o3jnf-d7itu-rfci4-yb2au-byryv-jd5pd-tlh2d-gtl46-2ae,1200.0,sklbqwln,0
tdcd6-ocj5q-rv75x-rfhzq-62kkv-4vgyf-ye2ci-lfq46-onafx-m44kb-yae,1185.0,vmfsqlnq,0
lj3cg-prltk-put5s-b55d7-ho4iy-sfj3p-3ayi7-olkcb-bkgjb-a5632-xqe,1200.0,mkwfkpvj,0
454dw-pvqhc-rxtuy-snede-3kz3l-lhcfm-fk2xu-lyosi-wfdyt-ioehe-eae,1200.0,oveitumx,0
o6oqo-qj2hc-utbuv-ff324-uzsup-vfyha-pfxlj-tl424-r3itv-rve3d-oae,1199.9720581625813,nlfqvulc,0
fp5z6-qjebg-fzjt5-rxsri-bb2tq-zedjl-7nkmz-h5fca-hn2x4-esttl-kae,1184.3528000084657,dgwemyee,0
h276w-rdoew-r2nuo-czdi3-jsvmu-72aq4-wqju4-ctgkf-fzyks-23r45-oae,1200.0,weqawjhl,0
ywuwg-sf5ql-e6mpg-d27q5-q6rxb-xhylr-vqqkt-ty6xr-b7cg4-te4m3-mae,1184.3528000084657,ffxbnold,0
vzj5o-s6xef-5zr5a-an2xn-ugl3o-mmvbf-d3gat-i73vq-4r7qo-bc6ys-pae,1200.0,lnnuekno,0
ayhdw-tcwns-w3pyp-wmtzd-k3lje-bejwo-f6qyb-l6hy4-cvlli-bb7uh-tqe,1200.0,breysgag,0
n2uhw-tp6ei-kfsyh-cblik-w5hmk-c3vux-es626-pphw3-rbcdn-3s5wa-bqe,1200.0,pdrlrmtv,0
neyng-tomhw-7po65-jxbsr-hwn6k-i3rm6-deun3-xsnln-qvxvq-ambxq-uae,1184.3528000084657,texgzydt,0
pod46-tt73f-5ohqh-x7rxo-dpz6n-hirw6-rsagm-4wwre-jl33q-ckkoy-uae,1200.0,bnkmrjmo,0
4bv3o-ttshs-c7cea-sbxx4-tbmfg-qzvkb-wfpey-o4de3-lbzbs-mxoge-sae,1200.0,wlwqiovk,0
yg6eo-tr2cf-qm6fi-l3gol-nzf4n-3s4cm-cki2z-os732-f2xlw-odlof-zae,1200.0,pkmbhlvs,0
ydeqo-tr2bl-jlben-xi5fi-3jnns-ljpo3-x5x4x-bh2vj-nhkta-lg4qi-bqe,1200.0,owhihdok,0
uvipw-uyzfy-lm7ue-urwzn-5n45m-7u65g-vnwnw-d2a6e-kvy2v-vf4jy-mae,1200.0,ycnwzmmr,0
jrizw-uymzg-obeof-r3upz-vi56y-ivh7k-z5rt7-nrsec-bsmrd-wsgds-zae,1200.0,dxtqityk,0
rhakw-uzskv-hecml-d3ah3-uy6tp-tqomc-otmpm-r5zps-kvinn-aqkbe-3qe,1185.0,qttzstpq,0
uknio-u42pn-x3432-m4rhj-hbpic-x2egy-znnnp-y6axp-axeeo-wq6lh-oqe,1185.0,msmlqkqm,0
25sp6-uyq2w-lktej-5f2of-wawzr-gz6wp-lrlys-fjc26-drjaf-tbl7y-vqe,1200.0,ogpatbas,0
ocjb6-vdyjk-vzsc7-n6n3a-kbvfz-mvedw-kagsk-emxbm-vf5yf-6ktu7-sqe,1200.0,dksyunhh,0
rfslw-vbzjr-dvylt-56hru-otkds-d76md-j6syq-dvxyl-gu25a-2e5kz-zae,1200.0,fzekbosl,0
tiv56-vjpiy-vnzpd-cmolr-w3clg-ual7v-u2prc-xgej7-t3i3k-5kcpo-2ae,1200.0,whzbyqxo,0
7dts6-viu4f-3ygpl-6d5ob-5dovc-obavh-q5j5y-uufuc-3sq2v-s77co-aqe,1200.0,ointzkoc,0
63etg-vns5d-upfs7-hkbdd-x6a6a-aaojq-ks2cz-insdd-d6guy-vkm7o-dae,1185.0,tqatsrrc,0
u3brg-voptm-g4r3m-fjg7z-47n7h-dqvc7-mpkwb-hon6a-mzaxu-daa6k-kae,1200.0,faghcapc,0
l6vdo-v4eas-ezcnk-amv5p-im7cb-2dscw-xpgau-fdmvz-6emnr-7vrb6-5qe,1200.0,xtscpbpw,0
eeiyg-wjygo-42uke-gwrru-xcylm-oruer-cgcma-6mrdx-jztgt-bzsjs-kqe,1200.0,pvkeelcl,0
vi2ww-xmprj-g3nvc-jqzul-neozi-4iy63-auvrd-zdvqi-rw6bc-u7sz4-dqe,1184.3528000084657,uhevvfwc,0
mkrjw-xzafv-d2dak-bohxz-wjwpt-rz5p2-2s6tq-fwvzy-36xb5-sivhp-nqe,1200.0,ntakyojt,0
3jrcw-x5t5c-55z3j-hhne2-tqh56-frtjo-cgedn-qa4ij-mqtfc-6crda-rqe,1200.0,hsbhottv,0
2q376-x2cft-seqvy-6ks6n-f5v5y-psxdu-ikudw-cetyx-qprvy-m7tfr-2ae,1200.0,aanjnswu,0
a45vw-ycim7-wmzhi-uco5e-kaltq-tmkcn-7vn3q-dqf47-r5y3e-lxj6m-3qe,1200.0,nugrudpg,0
rctro-yl2at-7wpok-yhtvx-jullb-oo4gc-hqntj-5ctfj-fuf36-brnbd-aae,1200.0,uaqpiecp,0
7avi6-ysdom-qkxgf-jqzt4-i3smc-plq7g-pzm7q-2uffx-7cx4h-yvjtq-sae,1184.3528000084657,wfmifvzi,0
huzj6-ysewu-rohit-az3hv-26rvf-epoek-nihgm-2jxjr-yu6db-n74c2-pqe,1200.0,ezfhlkni,0
em7yo-y5qta-y3szk-x3crm-t33rp-fwvxs-bw7ed-h7dbw-yfhhm-22faj-cae,1200.0,qorvytgy,0
zxlp6-ze57n-mg6le-45yiu-qygox-jfcwo-as55f-o2uur-3ztxl-hcztk-jqe,1200.0,dqjtwknx,0
ckmh6-zjvx3-miehs-6ufis-bvwvh-zw5sm-v46kz-kubwp-vccyq-kjolc-5ae,1200.0,jdbtcfpm,0
yyzm6-ziozo-o3hc5-pkgon-ieign-eu5lw-pytnw-3w4vb-ri6qh-zyejq-7qe,1200.0,oziupsqo,0
cc63g-2cnn7-bp4w3-ru7zg-beroo-2m3ua-nmjgk-5472l-h7eli-idamb-zae,1200.0,qzavbnap,0
m3jsg-2i4u5-qw2zg-65uki-alhzm-re5ww-63kbn-wtonl-empri-pcik7-gae,1200.0,vondqepb,0
bmg6o-2v5et-hb35f-qcp2h-l5uc6-r2di5-xscdb-7sgai-72jm7-tigef-kqe,1200.0,dwqymlap,0
nkfm6-3altr-s7s4q-7drb4-h636y-uf2kv-ewryf-3ixcs-7tmqz-vpd2v-cqe,1200.0,yirtxhpm,0
crs4w-3i3cv-irjgg-edbri-hmlhi-se4un-d5amb-lpshx-5sd24-wfyzm-oae,1200.0,obsyqftz,0
sazc6-3kslr-bs5ob-hsdqy-ytrx6-jk6cy-6qawc-nrz6s-6jgsg-pbleu-tqe,1200.0,kyqvyayz,0
5c2zw-3mxjy-6pixo-ybwjn-2oe2b-64s7i-bts5s-pzlsg-flgdc-7wb5q-7qe,1184.3528000084657,wtffgjjf,0
vgwsw-3mbl2-uwo4q-bsg4i-5pfgf-pjji4-faj5d-trlbt-pj53r-n5jju-2qe,1200.0,qoecaskc,0
wkp6g-4kdxn-tfip6-bcpic-rfvye-onxgo-4x4bt-xol6v-xmnlx-pivsi-cqe,1200.0,buclzjsy,0
2h6qw-4nz6o-sg7ok-ba6ae-vajxg-3lb7c-hllah-ugiwe-y4mox-ecis7-sqe,1200.0,zcwkpxgi,0
dbhxg-5ftro-4whgu-t37sb-d7oqy-qie2i-xiymx-2rdbt-d7udc-6pm6h-uqe,1200.0,kmezwlpw,0
3ffiw-5ztl4-eu67v-gm5rd-q3hmr-dmlnd-cxf5z-zxzp7-xc5bj-x4fx6-pqe,1200.0,svftawop,0
z4oe6-6g6sm-b7nhu-pwoqd-vfjyu-a7qsu-7cpl4-jgcrw-dnywu-qi2bl-oae,1200.0,tniomlqy,0
6hpfg-63dmr-grb7h-dwfus-euxu6-udinf-lop6b-iuqiw-shbcv-aossp-wqe,1200.0,aktifajk,0
5dp46-66mb5-2hawh-s3iyu-gmijp-cds62-vhylm-dq2hu-gciqb-pqcji-mqe,1200.0,lysrxqcc,0
fchx6-7ldeg-oforn-v4tms-k3iog-7rgpr-vfyej-eozfw-wkuj5-apqsw-cae,1200.0,cgfpbxxz,0
aihjo-7wf4a-jo6if-xomvm-prloc-3lf2d-n4p42-pacmf-kzg7y-oxzw6-cqe,1200.0,rfhjrgrr,0
phdzo-7ukjz-ucyhw-5c3wc-qc2ov-xoxcn-nx3kd-p3shn-ebq75-qashe-wqe,1200.0,esbqvzwg,0
fw5mw-7vawf-rjie3-6uv7q-6xbpb-5775c-isr7m-lrg4k-hquoq-k2rh3-jae,1200.0,txdopggg,0
ouz76-7yyur-uilbz-znrc3-y2oip-dd6qj-ow3pa-pxufp-bxw5b-be3wd-lqe,1200.0,irsnmpuc,0
g7vbo-75elk-c36x6-btnx7-geiad-j6ikg-afa6g-2qleo-qnyuh-awqf5-rae,1200.0,uhsbdrmb,0
qkne7-ad3bo-5czc3-4ah4e-m5c5h-2kocw-x6dfv-d5yuv-7b4su-t5hhs-sae,1200.0,qgobdiwi,0
tgpah-afctb-edrlm-shhrv-6rxhx-h54qe-xfuls-hekjo-ori4l-vothd-2ae,1200.0,tvrdskrz,0
wmsg7-aiopf-nznu7-6ehzz-gqt2t-62v4c-pxqns-w4po7-535q2-j5eqw-bqe,1200.0,fzfnmukh,0
hp3w7-auysi-jt3vu-jbtk7-77amd-dvuoj-oi3tm-3obdc-bycxx-bttgk-iae,1200.0,reoxhovn,0
q6ogh-at7hq-mmb7h-kmftw-vkhvb-ouglc-kcxkz-g6egs-bx4b3-o5ipx-kae,1200.0,toqdofgt,0
2vdlh-bbnkf-zmf4h-loma5-n5ljm-eg6ad-2wewk-isngp-znp73-grsw6-qqe,1200.0,tdkheyxe,0
cme3p-biylg-fywov-quoha-opzil-d4fpg-dheka-quvyh-xjnrw-okdgz-nae,1200.0,nbxemzuf,0
6r2k7-cxvgw-rv64z-sujap-uj3yp-tmgjo-mceph-orifr-jpl6o-gvuau-5qe,1200.0,iysjyoni,0
am6k7-c4eta-4gqe6-x6upn-iifoz-nluw3-a6j3w-qh2rd-6ckm4-6sfyq-kqe,1200.0,wstssbdm,0
jmnvh-dlirp-wmfsp-np3x3-jdg2o-7v4rq-neodv-rwxb3-kuvea-kvduv-hae,1200.0,sflmfdvc,0
rclg7-epjet-af6k3-2ez37-uf6lw-nd5ne-wtgv4-h4ayl-zohjy-jo34k-kqe,1200.0,negargbb,0
gk5c7-eipk2-hkz54-icek4-4i2ju-x4ccq-qnfja-txa74-tt4qx-4k6lg-gae,1200.0,skwugzpj,0
7634h-esxrm-3yqmc-ozycz-ezuxc-ayzxx-wdie3-xfcvk-scvfl-ycd7o-cqe,1200.0,bfouinzx,0
c5hip-fgz7o-zh7cs-2sfoj-pneaj-mqrpm-mlg6s-vs6io-b657i-mm5op-aqe,1200.0,taomkxhi,0
x32kh-ff3q6-5bjit-nv6bv-ibibc-aey6d-tm4lt-z3b6n-qb6z6-g3abx-7ae,1185.0,ixwjsrik,0
dne67-fnog6-ymdax-vtgd7-r5dyw-cnsp6-wxjna-p35jf-ghlni-tjqc3-2qe,1200.0,qffeaijd,0
qxly7-fjght-zw3jh-htu2u-yt67u-5zvlv-6x6ob-fe4vc-krgcc-jqbjn-eqe,1200.0,dfrhfwbm,0
5uzy7-ftu3k-hx5hq-aaytv-g66ie-dmm5w-ayqxv-f3ody-iz5mx-4d5ex-iae,1185.0,wyzraosi,0
33tax-f3ydp-eh37l-zzfrh-psgx2-5x35o-7xhug-empe2-tzclv-k2x3v-uae,1200.0,rjwtpyjo,0
biou7-f6mud-t6h5k-zaeqx-xzklz-acf3i-yp7x3-xheas-ugdn4-6uow5-tqe,1200.0,gcmlizcc,0
4uqch-g3yys-hobx7-b3sle-cgetj-xbc2o-ud6ma-tzplo-ovag3-oecei-dae,1200.0,slezkpnt,0
luacx-hc2co-o4rny-lcv3g-lfnia-i5gp6-4kouy-lwq6r-usnva-car4b-zqe,1200.0,taeqgjfz,0
2iv5h-heynu-oydos-yljct-gxwqv-lywbc-27aph-l3mtw-7ge2a-m36ho-iqe,1200.0,vscejwhb,0
fnh2h-hozuw-i4ozb-c455z-wfjm6-6yagc-67ruj-cyy3h-2ftb3-2vbkt-tqe,1200.0,lcdykbys,0
6aajx-hiv7c-r2pdv-kugzw-2uos4-3jxpd-gqrmu-2btcy-i7kko-fj4er-gae,1200.0,tnkgswfl,0
kyzz7-hzqww-bzz4p-zuxau-rv27b-tqvdq-gzpjx-rro2v-cbc2x-bd3lh-2ae,1200.0,nqartyyv,0
jgakh-i57ut-zc3ha-tyzpp-o6nne-i3lxz-6l5cd-s7phi-tmbcg-ifedx-7ae,1200.0,wljeqolt,0
6ov7h-i73yz-xmefg-5njzj-fuzma-sv6k6-yjy2s-gnaki-r4eoz-mcx2d-oae,1184.3528000084657,sckezlht,0
75bu7-jwirr-7u7n7-lxjnf-7hefh-2vltn-fwfcc-6yyck-l7yu6-qxiir-nqe,1200.0,lhpczdfz,0
u7hcx-kse3u-j76jb-uwk4k-627lt-56jhf-qxd4a-ew7dx-w5esk-scpav-4qe,1200.0,twjnhmlf,0
7jt2x-kugqn-dbpl4-scofd-jfk67-stnqp-es2zt-fwnpt-4qbrq-5jiso-4ae,1200.0,foxzdgww,0
xlfyh-k3bm2-464gj-g4kux-tultz-pfuks-ol26a-yiefb-bznuk-nved2-gae,1200.0,ziymgohm,0
qosa7-lnvif-qvdqb-plwz5-5ohvb-bnody-jku4a-npkm2-4nw7h-kz27j-yae,1200.0,lweocwdn,0
i2psh-l4vyv-row3r-v2b6g-5pube-fgbbp-xtkuz-kervx-ahmav-5fahl-mqe,1200.0,wkatqnah,0
5wmxh-l6lfb-etvnr-towfm-4nvtn-li3up-npi2r-3tmla-l35xc-agvxu-yae,1200.0,kbpwnnry,0
pz2rx-mxxoo-lt2ug-b53yb-oy7lg-7kxhg-7lg5t-mvuwg-th3g7-2f55b-4qe,1184.3528000084657,iovcfubv,0
3jlfx-m3awc-jemix-6azoz-yczpp-k4mnx-uqaze-vj4ib-4iizv-47g6y-eae,1200.0,iauyrgru,0
7ivbh-na55d-uvjmu-drera-fjn3c-friaw-blimf-aas4k-aipon-rn5fz-qae,1200.0,wxejholj,0
cvmjp-npxr7-2z3um-mxdu2-7shi4-3ojrd-zvvdl-xba2s-rnwbv-anlbm-5ae,1200.0,wziystdi,0
ntrmh-nv3gm-ozpbt-er2b4-xinff-wodbf-xylrd-34u44-o5nid-54k4p-4ae,1200.0,qkjfdgtd,0
35hep-n7ud6-mqff5-ojc5u-4fss2-izgoj-ds727-oitaq-qis25-46xe7-qae,1200.0,hbgrotyc,0
kihx7-n4rta-drord-kfzr2-mz6te-ncmot-aorix-qm75w-enx4u-pttlp-kae,1200.0,siuzmloh,0
6un27-ojs25-pe6er-vumup-yffmx-sipgp-36264-xrzn7-rwaiw-kmcwv-aqe,1200.0,ujmctxsn,0
6woa7-o3o3k-eskkw-ljdwi-f4nkb-6kwvs-hzhvl-ox5ml-kd5v7-ehrrz-tqe,1200.0,znoadisv,0
zvluh-pcczt-pioqf-pa7zm-g5een-isiaw-2enze-p5kkb-uxlxt-6yjh2-cae,1200.0,blnunxdq,0
kptk7-pcczc-u6lt2-wgkxd-7fuqv-rtdvf-ogokh-zk7fa-wkmsu-pm3ex-pae,1200.0,gsdcslno,0
hem6p-pgfbz-cz5vm-yyuqz-b5ctb-lvv5e-jahmb-ov7yt-2wwmb-3ixsd-jqe,1200.0,gcejyfmx,0
7qigp-pvlt5-xmfib-vldrw-sqeeo-ief3w-iwsng-ldxk6-omeyv-3hx3i-vqe,1200.0,nlpdcccx,0
ipsw7-pv5c7-lcefv-6jxpd-svxhr-ugouk-qtdxt-72b2d-bym5s-h46eo-fae,1184.3528000084657,fanvnwun,0
3d3cp-ptu77-4bhmf-l4oix-alyfl-5hq3q-o3lzl-a6tys-bxjy4-jekmk-hqe,1200.0,fylmicmz,0
7fycp-py6q7-wvobl-cxzq3-sj3nz-kmthm-vvay4-kq4lu-7rkfe-m4rc7-iae,1200.0,zlhzugmp,0
wlsc7-p27yd-tuepr-ylpuh-g77c2-3gdjd-5zjmb-kmqvf-ruegb-qii2s-rae,1200.0,uczssdwo,0
ck36p-qrmmx-bv6cl-cqhtt-nwm4s-alf62-qkjpr-xoyer-srabs-zz3bt-rae,1184.3528000084657,owmdlblh,0
vcbbh-qzwzs-4z27b-vzv5f-hipgj-tumw4-gaect-76lu5-hdf7q-slbdl-oqe,1200.0,pdpbxsmz,0
46tep-q6ts5-yxrqu-v26nb-6y5zx-esse2-5fhyd-waeqx-znfep-4alow-vae,1200.0,vrcuccih,0
qvwwh-qyocz-vneki-tkjh3-lfgsh-dmtpr-xcgnf-uigjh-uwx47-tpkc5-cqe,1185.0,egosfzfk,0
4g4mp-rclqv-njedx-3of5e-itv3q-i2j4v-w3biz-wu3ud-7byw2-at7ei-uqe,1184.3528000084657,qrjqydnx,0
sakyp-re3da-2smuj-y2tdm-obkyp-zlcuk-pyfbk-iyyob-dyuot-toefj-nqe,1200.0,cbapiscb,0
5yfoh-rmhq2-uz4kr-nrksh-qvdiy-tyebf-rrfi4-jn2pu-ib52s-eddet-3ae,1200.0,yvookwdu,0
4iccp-rpipy-iq7yv-3xfim-voasl-cjaj7-ezoya-xpvu6-mlw6y-ny7ui-tae,1200.0,jaojjkqw,0
lx6tp-ruzb4-ohhbn-63kwl-s6o4z-q5k2r-dtgol-sr5du-ep4v2-kk5oh-tae,1200.0,ezzavtvw,0
oixtp-scjqv-wz23v-rxgdn-uqvcf-6b3nd-c6pwf-pwewo-vlnil-wjnxk-lae,1200.0,ezevvndi,0
vprmx-skch2-lpter-zjlzm-yymzl-6t7yu-yqokk-3khkx-73gzz-pi57f-cqe,1215.0938785075334,qqevhqln,0
m3tlx-src6u-7pnah-2tqqg-hh2ai-2jbtm-7mi4u-xfrrn-s56hs-krpk3-5ae,1200.0,hllbuodu,0
rd77x-sr2of-fls6v-x7mjr-crsmq-vqk7x-7a7m5-s5bi2-bxfre-pcdpl-bqe,1200.0,hixtxroz,0
qvdzx-taxbg-xqbv6-mvlez-ku565-f2r4w-4asld-c4x4f-e6zl5-dz4zb-pqe,1200.0,kymxoiph,0
3llc7-teuhi-yvlx7-pteit-hnaab-w4kyz-nsvlz-6cfix-xn75j-gzog4-6qe,1200.0,iiwkyuaz,0
nl7rp-tl27t-unkck-ubnj5-zmaid-2mo7a-33kj2-qfvri-fcbsd-qxsks-vae,1200.0,ttgdkhbs,0
lypi7-tkuxc-2ndia-yj33m-bbtpp-uu6eq-2afna-mtgdt-lwyyw-zmcrb-bae,1200.0,aqqmhuqf,0
cc557-tm3of-m6kky-zffe6-kzeoi-fb4j3-nk5br-mxy4d-oaof4-3qzea-bae,1200.0,kzaxijdc,0
5wnbp-tpwtc-uafpb-3bzut-parfp-wdjtu-nr2rk-akd6m-vvt7o-cpgyo-tqe,1200.0,iqpndtqg,0
q2lex-tqmbf-njolf-gfaob-4uvzd-icl7a-32c7e-jri2f-yfftl-wqwk3-aqe,1200.0,ufuhlalg,0
p2lmh-uaqlr-aq4lj-lgjtj-7fssp-24mpj-3wn25-u5in3-wmqaw-uzxwb-sqe,1200.0,uzmibbnm,0
z4qb7-uvx4v-2hgbm-hauet-u2ssa-rllbj-foc3t-x7oq6-r2zxh-mg5e4-3qe,1200.0,uappcylu,0
kmyb7-vfk3t-6bh64-3p75h-2teg3-v67p4-yxd5n-6pxkm-j6qci-h3k3q-tqe,1200.0,oqisovbw,0
cgdap-vianv-5axrq-z3vh3-yzup2-s4prt-6ljyt-l574m-fqjet-lmgwq-zqe,1200.0,dtsewcxj,0
oojop-vkr4f-dzoz2-muev3-5xjex-dlt7k-lk7pk-teeaa-hxiti-ruyl2-vqe,1184.3528000084657,plazypqh,0
iprah-vtlxj-xsxyz-gn452-bnftf-nsp2d-prwd6-ju26j-ydu6l-xaugf-hqe,1184.3528000084657,onazhrin,0
awdzh-wqrm4-lxmqb-u53i7-t4mhm-ewgta-ntjn2-i4ncv-fq277-eylbn-eae,1200.0,dzmglulz,0
nq5hp-w7af7-i5vtu-yex7m-v4jgr-lu37h-imb4h-36yu3-gqnpg-hsd7e-fqe,1200.0,nuxzdsss,0
cvkqp-xoevx-3iv2i-5orqq-o23ii-hr7dn-dvdji-hw2lf-2hkze-lkhue-eqe,1184.3528000084657,gzyqezmc,0
yumhx-xrmg4-ceupy-3ijpv-uzmxj-ghdfx-j6e6d-3532g-x2mzx-ofwrh-4qe,1213.2782724975284,ipvtghzy,0
y3t47-xrfzw-sgpkf-roxca-ufhrb-2jlj3-kgj7w-4nho7-ltgeg-ppbcm-pqe,1200.0,pntwowye,0
pkftx-x7xim-kitn5-pmtbt-t32ky-c3fxc-epwtg-3uls2-kwaeb-ingam-sae,1200.0,getqmiyb,0
6pcex-xy3mg-f6om3-ima2m-3ttmx-tcajj-razf6-u7ow5-7ykin-xqi7k-3qe,1200.0,xfowmekp,0
rkf2x-ygk3x-n4k73-yzld5-tlctv-a47fb-vmxwd-vvqc7-o5vyf-heigq-gqe,1200.0,peibazcg,0
q5m2p-ynxf4-m5nlo-od7gc-fbbpm-kitb4-zbpo5-qnlvg-ziavs-gui75-bqe,1200.0,tirthuqe,0
4wbpp-yw47g-nhjpz-qkce3-bp22f-kx6zf-u3p74-6qkoa-nthli-ntqk6-hqe,1200.0,mdmibbrh,0
6vs6x-zpkxj-ejcab-ncokc-er2zo-5mf7q-ngwpm-2ur2i-yqw3q-r4qf5-kqe,1200.0,uuninxqk,0
ycew7-zxh6x-rhoqm-c7m45-smuos-v6zx7-q2nyk-w4da7-bo5x5-ng3lm-yqe,1184.3528000084657,ekivcasf,0
debup-z6sng-g6vfk-dmqk2-w5sis-ba32m-3h6hc-wjdha-7cpj4-hj3th-vae,1200.0,lpndctll,0
tsx47-z7ihk-s7ndd-u6by7-3w4oe-wsz5r-7vwx6-dwr3z-2ee2c-fz4ff-kae,1200.0,bvrbnjcu,0
c7ry7-2eneg-jzq3w-grzgp-7d7yn-qrvoq-cfpyp-23hof-4l7bm-6gng7-jqe,1185.0,nvjjenoq,0
mqx7x-227o4-v44up-dnkfq-yyusl-rak3l-rocj3-avapd-5pdx4-arygo-wqe,1200.0,ebjmttqs,0
uhurx-25u26-e3qv2-rbjc7-qycnu-hhwcf-2yrsb-azlz7-6vjma-l6pl4-3ae,1184.3528000084657,nlbvocwc,0
s27w7-3cnhc-jnj2o-plpqm-kqe5y-365sa-yzv2a-5ga7y-4h7ad-i55f6-eae,1200.0,mnpkqyjr,0
hyxr7-3i77w-rb4ju-ytqo7-zdeel-imke6-ni4uc-izkpc-ipmgz-7bpr5-kqe,1200.0,kybrhhoq,0
vcow7-4dwwf-n6wyi-zfxpo-jpbg2-vlt65-fsqz3-crjsj-6umby-akwlp-wae,1184.3528000084657,zrcjtsgc,0
tvl6x-4bbt6-usk2t-nu7ox-5ejbu-cdkty-2y4ba-fhgrd-tcw6v-4j2ct-zae,1200.0,mnocpptz,0
k46n7-4p4tp-jblom-y4e3e-uvhcc-fvtsz-mfig5-loynk-4wawi-fhsmq-dqe,1200.0,ivhfsuqq,0
jzpe7-4yjvg-hyzrv-ys56o-3ljel-4paxa-qx3lb-h4gzn-33mak-odhsr-hqe,1200.0,cikhgnys,0
fqrxh-4y2op-6mthu-khi7c-dbqt4-r2uax-nlkzn-ko73z-2wenq-zxvu2-2qe,1200.0,opqcpdtv,0
7e66h-5af65-xxhuj-atu3x-jvkqs-npvjc-u5tns-6s3hk-sc42z-iyksi-bae,1200.0,enjxtgbn,0
syldx-5ehdj-vnb5u-pmavh-qos6f-2lanq-6cd2m-ybugu-p7v4s-c6tjc-5qe,1200.0,sepquwxg,0
xflgp-5lgoa-po3ty-7hnug-ce6ah-wd2kh-e3qxb-t7alz-23jsq-zwj5z-lqe,1200.0,udbqkyru,0
bkwvp-5sjog-s6hdv-betbe-oh322-vn6s3-tyqux-ueut7-ckllf-nxhfq-mae,1200.0,tdukdzsr,0
2bplh-52sxx-e5csb-s2lre-x4lzg-u4dx5-wahvf-skl47-xopxp-mu5e2-yqe,1200.0,xqwtrfwu,0
yhmbh-6irtg-fti5l-5szcn-c23gm-riy7e-bc3xg-a35da-uzdlw-6mtaq-6ae,1200.0,zwnkhino,0
